Track name,Artist name,Album,Playlist name,Type,ISRC,Spotify - id
"CCCP (Casa Casa Casa Pound)","Simone Panetti","TOMBINO","Brani Preferiti Pubblici","Playlist","ITNIE2500032","5p7n2pa8BKsaHDUvC8ymGW"
"Nestiio","Taku Iwasaki","映画『文豪ストレイドッグス DEAD APPLE(デッドアップル)』オリジナルサウンドトラック","Brani Preferiti Pubblici","Playlist","JPI101800538","3caVoAGXOKbl1WRY8zAyf1"
"So Cold - Remix","Breaking Benjamin","We Are Not Alone","Brani Preferiti Pubblici","Playlist","USHR10421070","4BJyt25nburVwbnESDeIc7"
"軌跡","ラックライフ","軌跡","Brani Preferiti Pubblici","Playlist","JPI102301426","2LNotRHCiZowAajdcToX0W"
"Every Day Is Exactly The Same","Nine Inch Nails","With Teeth (Bonus Tracks)","Brani Preferiti Pubblici","Playlist","USIR10500485","11sSvwrDX5BBUhbBZRKUxy"
"Footsteps of Doom","KOHTA YAMAMOTO","TV Anime ""Attack on Titan The Final Season"" Original Sound Track Complete Album","Brani Preferiti Pubblici","Playlist","JPPC02211236","0jNnZa5RcN8iEOhw3XNFoW"
"Ashes on The Fire","KOHTA YAMAMOTO","TV Anime ""Attack on Titan The Final Season"" Original Sound Track Complete Album","Brani Preferiti Pubblici","Playlist","JPPC02100303","4D2LZlWR8XnK1AOi4wo7lp"
"Black Chainsaw Man Theme ""Chainsaw Man""","Pharozen","Black Chainsaw Man Theme ""Chainsaw Man""","Brani Preferiti Pubblici","Playlist","QZYD92403547","2V02ypKBMcHGeQFJOiVQkm"
"Il Demone Mi Ha Detto","Red Sky_Future Music","Musica dagli Abissi","Brani Preferiti Pubblici","Playlist","QM6MZ2387995","1Qqf92BjTKiKQVlLA02O5m"
"Danza Butoh","Red Sky_Future Music","Cronache Di Resistenza","Brani Preferiti Pubblici","Playlist","NOCWZ1800860","5qcdQxugjwSUXmEquhk68V"
"Abyss - from Kaiju No. 8","YUNGBLUD","Abyss (from Kaiju No. 8)","Brani Preferiti Pubblici","Playlist","USUG12400478","2kLWSmKHhfUBepkIA9oNe5"
"Rampage","Bernth","Elemental","Brani Preferiti Pubblici","Playlist","TCAIX2494463","1BDhphPRCk1YLeM6Uo1YOw"
"The Dark Angels (Warhammer 40k)","Rob Sigurd","The Dark Angels (Warhammer 40k)","Brani Preferiti Pubblici","Playlist","QZHN72521973","4S7aMnOfoDOpyL48WP4YuX"
"the fog","Nextime","twenty","Brani Preferiti Pubblici","Playlist","QZTB92415819","475rn4ZNohIvuIF3b9EHv1"
"POSER HOLOCAUST","Ozone Dehumanizer","TUTTA LA MORTE DI CUI HAI BISOGNO","Brani Preferiti Pubblici","Playlist","QZK6N2581703","2UZ4zR8UBegLKbJ0pSdrf3"
"CON IL PESO DEL BUIO SUL CAMMINO DELLA LUCE","Ozone Dehumanizer","TUTTA LA MORTE DI CUI HAI BISOGNO","Brani Preferiti Pubblici","Playlist","QZK6N2581701","1ssKaLmv61qqxQiyU76Rwn"
"RITUALE DEL RISVEGLIO","Ozone Dehumanizer","TUTTA LA MORTE DI CUI HAI BISOGNO","Brani Preferiti Pubblici","Playlist","QZK6N2581697","6b80empwEl7miqR8Ru1HYt"
"XENOGLOSSIA","Ozone Dehumanizer","TUTTA LA MORTE DI CUI HAI BISOGNO","Brani Preferiti Pubblici","Playlist","QZK6N2581700","5EnFSVuNKewlf8yMOgixUc"
"BAPHOMET RISING","Ozone Dehumanizer","TUTTA LA MORTE DI CUI HAI BISOGNO","Brani Preferiti Pubblici","Playlist","QZK6N2581706","0xRcRheY6HPG0yd7S3ZnSN"
"DEATH HARDCORE","Ozone Dehumanizer","TUTTA LA MORTE DI CUI HAI BISOGNO","Brani Preferiti Pubblici","Playlist","QZK6N2581698","0ZZm2o928F222cPJTZtiul"
"SECONDO COMUNICATO","P38","DITTATURA","Brani Preferiti Pubblici","Playlist","ITJ0M2500001","7huH1ed9v3pIfAisPQ0ME7"
"CAVALLETTE NEL CERVELLO","ALFMOB","TU NON SEI UNO DI NOI","Brani Preferiti Pubblici","Playlist","QZNWS2077987","2WwMARNNT7wiZbsmFGP3RS"
"TU NON SEI UNO DI NOI","ALFMOB","TU NON SEI UNO DI NOI","Brani Preferiti Pubblici","Playlist","QZNWV2001651","0dKWrR8RLuiRkY42MYmJog"
"FLOW DIPENDENTE STATALE","Glasond","FLOW DIPENDENTE STATALE","Brani Preferiti Pubblici","Playlist","QM4TX2587460","5qD5sb8TxajcNyzPpEI9Wx"
"The First Wave","Ready, Set, Fall!","Generation Curse","Brani Preferiti Pubblici","Playlist","TCAHQ2329321","0OZzJrUqSM0OJr9Axqy3rd"
"My Insanity","Ikoliks","My Insanity","Brani Preferiti Pubblici","Playlist","QZTB92370847","4UGo6z6gFBhs4pws2KukpC"
"Lilium - From ""Elfen Lied""","Gabriele Motta","Lilium (From ""Elfen Lied"")","Brani Preferiti Pubblici","Playlist","DGA0P2467152","3uPDDufuj1mP67PMCGS3tF"
"One Reason (Instrumental)","DWB","One Reason","Brani Preferiti Pubblici","Playlist","JPK271100020","5DJdKofzL6o07FfdoN9eBr"
"Mukanjyo","Survive Said The Prophet","Inside Your Head","Brani Preferiti Pubblici","Playlist","JPU901903330","0O9lL4MeH5jnbSzSGhX4Gs"
"Paradox - Anime Size","Survive Said The Prophet","Paradox","Brani Preferiti Pubblici","Playlist","JPU902301288","4P2LdkkUIf6uET3pvqKZam"
"Eternal Memory","BAXTY","Eternal Memory","Brani Preferiti Pubblici","Playlist","QZFZ22563542","2BIfHFJPvVfhtmwV2FyZAE"
"Torn Apart - From ""Bleach""","Gabriele Motta","Torn Apart (From ""Bleach"")","Brani Preferiti Pubblici","Playlist","DGA0S2498769","1ZrNwseUVVkTmFyJiJgZgd"
"Lift Me Up","Moby","Hotel","Brani Preferiti Pubblici","Playlist","GBAJH0403051","64hZX40A8Z14efLfF0JjwT"
"Partita No. 2 in C Minor, BWV 826: II. Allemande","Johann Sebastian Bach","Glenn Gould plays Bach: 6 Partitas BWV 825-830; Chromatic Fantasy BWV 903; Italian Concerto BWV 971; The Art of the Fugue BWV 1080 (excerpts); Preludes, Fugues & Fantasies","Brani Preferiti Pubblici","Playlist","USSM15900874","1Reqgq36fBSKj29UBMar6y"
"COME AMMAZZARE UNA RONDINE","Ozone Dehumanizer","COME AMMAZZARE UNA RONDINE","Brani Preferiti Pubblici","Playlist","QZTBE2393552","5DKC3iEv9Rt4tt2Yq7CMcS"
"Nightfall Theme","Killing Floor 3","Nightfall Theme","Brani Preferiti Pubblici","Playlist","QZTB92374033","0HkERXQEGg9n9bKUa2yemU"
"Black Rover","VK Blanka","wizard","Brani Preferiti Pubblici","Playlist","JPB601800791","0OGw7V8wAI6OsZIQ12JkTP"
"Black Catcher","VK Blanka","Devil","Brani Preferiti Pubblici","Playlist","JPB602000215","2y7f8qkrgIqY5KsfPNcuix"
"シルエット","KANA-BOON","TIME","Brani Preferiti Pubblici","Playlist","JPU901401691","1di1C0QI6Y92yZPYn6XYAZ"
"CHOKKAKU (Final Getsuga Tenshou Theme)","Abel III","CHOKKAKU (Final Getsuga Tenshou Theme)","Brani Preferiti Pubblici","Playlist","QZK6G2199826","3ZgGYiO6wwqmMz28v3zRBr"
"Mastered Ultra Instinct","Friedrich Habetler","Mastered Ultra Instinct","Brani Preferiti Pubblici","Playlist","QZGWW1958787","50D205fHWfypqMob4YtojA"
"Vegeta Super Saiyan (From ""Dragon Ball Z"") - Rock Version","Jimmy's Atelier","Vegeta Super Saiyan (From ""Dragon Ball Z"") [Rock Version]","Brani Preferiti Pubblici","Playlist","QZPJ32211234","0QJyUMxr6cXdBkIdQAy6co"
"Power to Resist","Friedrich Habetler","Power to Resist","Brani Preferiti Pubblici","Playlist","QZB4J1811955","2up6qLqjRHcbC72Nn4URuy"
"Gohans Anger Theme","Friedrich Habetler","Gohans Anger Theme","Brani Preferiti Pubblici","Playlist","QZARB1849231","0Ru3HtVXnMcDsQHPgVVT6D"
"The Masquerade","CANTERVICE","Zero Hour","Brani Preferiti Pubblici","Playlist","QM5LC2300292","3CmmcZ12AaIwvRNCbUeQf9"
"VOLDEMORT","Emilio Paranoico","VOLDEMORT","Brani Preferiti Pubblici","Playlist","QZHNB2431113","4kCxG7lkvBcniqGRpOWkwh"
"Abandon (feat. Daedric)","Andromida","Abandon (feat. Daedric)","Brani Preferiti Pubblici","Playlist","QM5LC2300175","2bCCrCJrdwI0GyVxt52JBT"
"Stranger","Fight The Fade","Isolationist","Brani Preferiti Pubblici","Playlist","QM5LC2300238","5pPtlyNycbx6WsM4U3T9RC"
"Awaken","Breaking Benjamin","Awaken","Brani Preferiti Pubblici","Playlist","QMRSZ2401584","7hr0WyhqQxrK3SQ9ZQxjTu"
"Be Yourself - Instrumental","Sinyells","The Animal Inside","Brani Preferiti Pubblici","Playlist","QZ22B2081199","2bi3sLyCoCdaRgZ6LR256j"
"RAM","MASTER BOOT RECORD","Hardwarez","Brani Preferiti Pubblici","Playlist","USMBR2416473","1czJVnNsY3fbELPic9hAGy"
"MOBO","MASTER BOOT RECORD","Hardwarez","Brani Preferiti Pubblici","Playlist","USMBR2416470","6zfaOw8UC6RSCDqXWRLA5h"
"Back from Hell","VISXGE","Back from Hell","Brani Preferiti Pubblici","Playlist","QZDA42249246","1kvZuVndWJDNoiRdjQ6H3i"
"Carnage","BLXCKBUSTA","THE Carnage Album","Brani Preferiti Pubblici","Playlist","QZK6G2016237","4ksxPS3RvLpg5aC8PJre6U"
"Up and Down","Tyreen","Up and Down","Brani Preferiti Pubblici","Playlist","QZES72408368","0cYZuZ4VSI45Zv1qw8A2iV"
"Human Theme - From ""Warcraft"", Metal Version","Gabriele Motta","Human Theme (From ""Warcraft"")","Brani Preferiti Pubblici","Playlist","DGA0H2421260","2FpbnUKUkN7oZoqXNNOfRA"
"The Emptiness Machine","Linkin Park","Heavy Is the Crown","Brani Preferiti Pubblici","Playlist","USWB12403464","0hVa4ysROPxUeN5yac5Fzk"
"HURT","Dead Poet Society","FISSION","Brani Preferiti Pubblici","Playlist","GBPVV2305352","0E0GPPvheTzleZgWckjef2"
"Furious Again","Downplay","The Human Condition","Brani Preferiti Pubblici","Playlist","TCABK1283587","7nS4kR8T2Fv6TOFH6W704z"
"Down","Cult To Follow","The Inception","Brani Preferiti Pubblici","Playlist","TCADK1722863","1wkmS6iTkterreXQrsbP8I"
"See Yourself","Fight Like Sin","Identity","Brani Preferiti Pubblici","Playlist","TCADR1829351","67YZxGt6L5mUzqo74NonuW"
"lightspeed","Max Fry","lightspeed","Brani Preferiti Pubblici","Playlist","QM24S2403020","6OB5xamuJ9IE88YyBtl70S"
"Muzan Theme - From ""Demon Slayer"", Metal Version","Gabriele Motta","Muzan Theme (From ""Demon Slayer"")","Brani Preferiti Pubblici","Playlist","DGA092423813","0ydbrs9Ceu7YNTci16lmYh"
"Arch-vile","Jesse Zuretti","Arch-vile","Brani Preferiti Pubblici","Playlist","QZK6K2085683","78NWmnBe1U8IKVgoT9ZUah"
"Beyond The Limit (Vegeta SSJ Blue Evolution Theme) [Inspired by ""Dragon Ball Super""]","Tito Cordone","Beyond The Limit (Vegeta SSJ Blue Evolution Theme) [Inspired by ""Dragon Ball Super""]","Brani Preferiti Pubblici","Playlist","QZK6L2186589","5t5WTNF3tNcGVhQ08WNSB3"
"Where I Find Strength","Deathkite","Darkness","Brani Preferiti Pubblici","Playlist","SE5Q51803758","6IQVAf41VURLGCiQAqYkku"
"Disposition","Sightless in Shadow","Confounded Youth","Brani Preferiti Pubblici","Playlist","SE5Q51813266","1YdZAxOssVKJBYEthrM6Ln"
"超絶バトル","藤澤健至","BAKI Dairaitaisaihen ORIGINAL SOUNDTRACK","Brani Preferiti Pubblici","Playlist","JPN222010808","5weB43e0cCtQiSFW8Szx5m"
"Amalgamation Abomination","Brandon McKagan","TREPANG2 Original Soundtrack (Vol 1)","Brani Preferiti Pubblici","Playlist","QZNWW2392071","1AWRFOn9hBitakerkRbaxf"
"Falling in and Out","Deathkite","Pigs","Brani Preferiti Pubblici","Playlist","SE5Q51817899","5yg1Yq9jVfB9aJocX5T0n1"
"If I Had Nothing","Off Cuts","This Moment","Brani Preferiti Pubblici","Playlist","SE5Q51823070","1PxpNgyDTfnfpgbyEPacf4"
"MARAUDER","KIL KROOK","MARAUDER","Brani Preferiti Pubblici","Playlist","CA5KR2402638","0rjyyoWpr4gp5TtJZ3EsL0"
"Patty","Brandon McKagan","TREPANG2 Original Soundtrack (Vol 1)","Brani Preferiti Pubblici","Playlist","QZNWW2392074","0OEEcwH5wAk89OUFiwkUnD"
"Abberation","Sightless in Shadow","Seven, Eight, Nine","Brani Preferiti Pubblici","Playlist","SE5Q51819732","13vaXVIMRfYBUWMhg3zJ6P"
"Dreamkiller","Titan Slayer","Sleepwalker","Brani Preferiti Pubblici","Playlist","USLZJ2030084","1qc878CYuQMZEdr3zx4DTw"
"Aphid Maniac","Sightless in Shadow","Seven, Eight, Nine","Brani Preferiti Pubblici","Playlist","SE5Q51820536","0eN8eR9sowt8kB441ZsAaq"
"Bloody Tears","Berserkyd","Bloody Tears","Brani Preferiti Pubblici","Playlist","QZHN42015447","06sm1EbvbNmzq95Mcj5T78"
"Chemical Plant Zone","Berserkyd","Zero Body","Brani Preferiti Pubblici","Playlist","QZK6Q2219622","4jqIFbxzEbtjgsXHWrixt7"
"Perfect Control","Berserkyd","Zero Body","Brani Preferiti Pubblici","Playlist","QZFZ22270253","6urfn8y0m8dIulQ4YATL6Z"
"Warp","Berserkyd","Zero Body","Brani Preferiti Pubblici","Playlist","QZTB72226565","4CkyM156DQm9MbkqihpNa8"
"Open the Gate","Berserkyd","Zero Body","Brani Preferiti Pubblici","Playlist","QZTB72226564","0qiYWk8EYWCg555PT90lDD"
"Power Of The Beast","Beast In Black","Power Of The Beast","Brani Preferiti Pubblici","Playlist","DED832400198","3HtHib9t0FmC9sl1gsFobY"
"On My Own","Ashes Remain","What I've Become","Brani Preferiti Pubblici","Playlist","USM2C1100702","6VuztO5yaKP4VjqSkZxpan"
"Iudex Gundyr (From Dark Souls 3)","Sergey Pupko","Iudex Gundyr (From Dark Souls 3)","Brani Preferiti Pubblici","Playlist","QZFYZ2249211","3fxyZ7RC82qLLvUxsIquPu"
"RED","SiM","RED","Brani Preferiti Pubblici","Playlist","JPPC02311283","66Rl6HThnoHCRRVCUbslIG"
"X-Men '97 Theme (From X-Men '97)","Guitarrista de Atena","X-Men '97 Theme (From X-Men '97)","Brani Preferiti Pubblici","Playlist","QZPJ32367089","0ci1Yg1FuYFYocmlCM5m4R"
"F.L.E.S.H.Dance","Reznyck","F.L.E.S.H.Dance","Brani Preferiti Pubblici","Playlist","FRIDO2411907","05kpbZN9GZJLcdz3c8lSIJ"
"KIA","Alamander","KIA","Brani Preferiti Pubblici","Playlist","QZNWQ2291871","1PCyXqqANA8y7bZmABdMyn"
"Dragon Ball Z - Perfect Cell's Theme","Geek Music","Dragon Ball Z - Perfect Cell's Theme","Brani Preferiti Pubblici","Playlist","USLZJ1826734","4N1fgMYPxbTR3VmfwowcNJ"
"Perfect Cell Theme","Friedrich Habetler","Perfect Cell Theme","Brani Preferiti Pubblici","Playlist","QZCE61879455","7eWwyE7eQIEZaoIBAvhAtC"
"INVISIBLE","Duran Duran","FUTURE PAST","Brani Preferiti Pubblici","Playlist","QMRSZ2101004","51EpFns3CG9taCMQz6XDom"
"COLLAPSE","OLDFLOP","COLLAPSE","Brani Preferiti Pubblici","Playlist","US3DF2243016","1I1LMMsKYCdNEFouVMvDHR"
"Search, Destroy, Repeat","Killing Floor 3","Search, Destroy, Repeat","Brani Preferiti Pubblici","Playlist","QZWFP2393759","31mra8dHsLVFQdM0kvlsBZ"
"Monster of God - From ""Hellsing Ultimate""","Gabriele Motta","Monster of God (From ""Hellsing Ultimate"")","Brani Preferiti Pubblici","Playlist","FR96X2489063","5bTmLSjgDoxmPYn88y1gyz"
"Conclusione","Metamorfosi","Inferno","Brani Preferiti Pubblici","Playlist","NLAX70800818","7daUhdv5QVyAlL0lWYhZ9V"
"Caronte","Metamorfosi","Inferno","Brani Preferiti Pubblici","Playlist","NLAX70800806","416WQ3YhXOctkJA8HQVKxx"
"Se Hai Timore Del Vero","Keygen Church","Nel Nome Del Codice","Brani Preferiti Pubblici","Playlist","USMBR2316011","0UqmdNsHJTdSzsrgXLDzbM"
"There Is No Choice","Cruzur","There Is No Choice","Brani Preferiti Pubblici","Playlist","QZFYX2405962","0miFtFnOXorRkfrHDlzfUV"
"Plus Ultra","Brandon McKagan","TREPANG2 Original Soundtrack (Vol 2)","Brani Preferiti Pubblici","Playlist","QZNWW2395359","6JyNsT4akBTSS19UyMrk5A"
"Hazmat Harry","Brandon McKagan","TREPANG2 Original Soundtrack (Vol 2)","Brani Preferiti Pubblici","Playlist","QZNWW2395357","7jXWaKFw4qJwf2L9BpL4Xx"
"DESOLATOR","HXNDVMVINER F99","HXNDVHVTXR","Brani Preferiti Pubblici","Playlist","DGA072299676","0Bxm8xKpfurXiHxumfBhW2"
"EAT MY AMMO","HXNDVMVINER F99","EAT MY AMMO","Brani Preferiti Pubblici","Playlist","UKEX32214807","3teINmvLdeoKiEIgymXBfp"
"Helpless","Иван Терентьев","Helpless","Brani Preferiti Pubblici","Playlist","RUA1H2473940","6cAF7g9eA0bssn0CDYmppY"
"Live Long Enough to Become the Hero - slowed + reverb","NateWantsToBattle","Live Long Enough to Become the Hero (slowed + reverb)","Brani Preferiti Pubblici","Playlist","QZFYZ2420896","5B0KUswGZkuQusYA91PFWg"
"Hero Song of Hope (From ""Dragon Ball Z: Battle of Gods"") - Instrumental Version","Styzmask","Hero Song of Hope (From ""Dragon Ball Z: Battle of Gods"") [Instrumental Version]","Brani Preferiti Pubblici","Playlist","QZPJ32344549","0cfQwK6moKNQajXHB8TeE5"
"Ansia","Biglietto Per L'Inferno","Biglietto per l'Inferno (2012 Remaster)","Brani Preferiti Pubblici","Playlist","NLHR51264725","4oeZXMSQRzls4C61FyVvRA"
"Confessione","Biglietto Per L'Inferno","Biglietto Per L'Inferno","Brani Preferiti Pubblici","Playlist","NLAX70935604","7MGag20jTsl30TmOM9YUh3"
"IL PASS","NoLove4Me","IL PASS","Brani Preferiti Pubblici","Playlist","TCAHX2455099","5j1LzyNu99FZcs4I1tqZMI"
"Chthonic Gods","False Empyrean","Chthonic Gods","Brani Preferiti Pubblici","Playlist","QZES52254287","5S92QIxdAKzjYRupnx407S"
"Bone Guitar","Alamander","Bone Guitar","Brani Preferiti Pubblici","Playlist","QZPLR2120573","6yZDnqpzufn7cWoYVqHpLV"
"Doom","Lowrater","Doom","Brani Preferiti Pubblici","Playlist","QZMEQ2182958","3M0EVkoYe0FKMNiMxn16No"
"The protector","Lowrater","The protector","Brani Preferiti Pubblici","Playlist","QZNWV2115889","4FqaGrkiRNvNMXgfjDf3ia"
"Tenebre Rosso Sangue (ULTRAKILL Original Game Soundtrack)","Keygen Church","Tenebre Rosso Sangue (ULTRAKILL Original Game Soundtrack)","Brani Preferiti Pubblici","Playlist","TCAGR2257113","6BWwOL0DEK1aLaDjyipjZj"
"Enclave","MonoCronic","Enclave","Brani Preferiti Pubblici","Playlist","QZTAS2270042","2gM7nuXwTInKAsGXqdOe85"
"Sign of Evil","Zach Vee","Sign of Evil","Brani Preferiti Pubblici","Playlist","QZK6N2208741","4FTc8FELGlAtZEJhX4RZ46"
"Alien","Remstage Music","Alien","Brani Preferiti Pubblici","Playlist","QZFZ42443173","3b7xAH3lzB1CdNtd3G26iO"
"KAMIGAMI-神噛- - TV edit","MAXIMUM THE HORMONE","KAMIGAMI-神噛- (TV edit)","Brani Preferiti Pubblici","Playlist","JPWP02100160","4SNhHffgdvKYyyGcbxqPZ1"
"Дикая львица","ALEX&RUS","Дикая львица","Brani Preferiti Pubblici","Playlist","QM6N21999015","4leX3RnYM4CIc6nMrcaZ4m"
"Boogie Woogie","照井順政","Jujutsu Kaisen (Original Television Soundtrack)","Brani Preferiti Pubblici","Playlist","JPV432100232","2RkRxoofhx2GQp0icgr9gO"
"Eternal Wrath","Psygnals","Eternal Wrath","Brani Preferiti Pubblici","Playlist","QZFYY2485975","5eHsf6qj6p9kOuXdk4T59f"
"Dead Air","Psygnals","Dead Air","Brani Preferiti Pubblici","Playlist","QZNWR2394793","4k87AXjXSNbDcNu9m0BgM3"
"Smile","David Csontos","Smile","Brani Preferiti Pubblici","Playlist","QZWFP2394026","68clgblGuFv1W3734PJ8q4"
"Maligog","Jesse Zuretti","Maligog","Brani Preferiti Pubblici","Playlist","QZNWS2065475","6ZgUSELAA6qzMZ7fb29BkY"
"Complexity","Brandon McKagan","TREPANG2 Original Soundtrack (Vol 2)","Brani Preferiti Pubblici","Playlist","QZNWW2395366","6jLD2mVJkx4OgQE0NNs7RZ"
"London Bridge is Falling Down","Jackendo","Ragnarok: Volume II","Brani Preferiti Pubblici","Playlist","QZNWZ2207301","0smZuYVMbklWRUUgjart2p"
"Blood and Guts (Berserk Original Soundtrack)","Rob Sigurd","Blood and Guts (Berserk Original Soundtrack)","Brani Preferiti Pubblici","Playlist","QZK6J2222453","0sIcZSAm5vUNvxsLpvvEf0"
"Startup","Humanity's Last Breath","Void (Dota 2 Music Pack)","Brani Preferiti Pubblici","Playlist","TCAGO2203935","7lmJ4SKnq5JguY7RSbAuZv"
"Cybernetic Assault","Ghostwriter","Hyde","Brani Preferiti Pubblici","Playlist","QZV362223743","47yZYDZ0kiK7uocyDHk7tn"
"Violence-Fueled Power Armor","Rob Sigurd","Violence-Fueled Power Armor","Brani Preferiti Pubblici","Playlist","QZHN72360848","6h9xoxmhBF2eO7KDQjK8gQ"
"False Idol","Digiterra","False Idol","Brani Preferiti Pubblici","Playlist","QZMEN2234690","3UIkHBxnc4P9SqMUubUeaN"
"My Web of Chaos","David Csontos","My Web of Chaos","Brani Preferiti Pubblici","Playlist","QZWFG2301268","3SciprDJwvzma5ndqQUHyM"
"You Say Run (From ""My Hero Academia"")","Vincent Moretto","You Say Run (From ""My Hero Academia"")","Brani Preferiti Pubblici","Playlist","QZPJ32289881","7qgPEp0UWxIEiM537AfHRM"
"Naruto Shippuden - Reverse Situation - Metal Remix","Vincent Moretto","Naruto Shippuden - Reverse Situation (Metal Remix)","Brani Preferiti Pubblici","Playlist","QZ22B2011491","17pEe3U4S72t3KChKW2Ip3"
"Meathook (Doom Eternal)","Artificial Fear","Meathook (Doom Eternal)","Brani Preferiti Pubblici","Playlist","QZPJ32213011","53Tf8eGoq9EUL9dxKY29El"
"Blood Overdrive","Aaron F. Bianchi Jupiter","Blood Overdrive","Brani Preferiti Pubblici","Playlist","QZTB82388396","3c79B00mmoCgiGbykLN4TL"
"Nightmare","DanielFromSalem","Nightmare","Brani Preferiti Pubblici","Playlist","GX5MX2394291","7qgrDC2VasJBxtP8rUmNM6"
"StopRewind - slowed + reverb","NateWantsToBattle","StopRewind (slowed + reverb)","Brani Preferiti Pubblici","Playlist","QZTBA2329283","36RCmVZPmnDAb8I7KOasjy"
"Arabon's Entrance (Warhammer 40k)","Rob Sigurd","Arabon's Entrance (Warhammer 40k)","Brani Preferiti Pubblici","Playlist","QZK6N2326838","6WRBsWPm7b7QeLN2oacps3"
"KNIGHT","PLAYA SSK","KNIGHT","Brani Preferiti Pubblici","Playlist","UKU932319173","4VRaABY2IC3zPmvKvrw9mB"
"KNIGHT","Hikigaya","1000-7, Vol. 2","Brani Preferiti Pubblici","Playlist","RUA1D2241951","6wASzRwRWTTt0s1Gk97PjC"
"Hear! The Siren Song Call of the Dead - Remix","Marzuku","Hear! The Siren Song Call of the Dead (Remix)","Brani Preferiti Pubblici","Playlist","SE62M2391909","1eR2Sjtz31UavzpPO8N52n"
"Berserker","Robert Slump","Berserker","Brani Preferiti Pubblici","Playlist","UKXN22369425","5Q2nl6HW5AWcc4ZN64FVbe"
"MK ULTRA","Void Amber","MK ULTRA","Brani Preferiti Pubblici","Playlist","QZTB72394294","521b0DXDJpIEXQzkpKSBeL"
"Overwhelming Attack Power - From ""Baki""","Gabriele Motta","Overwhelming Attack Power (From ""Baki"")","Brani Preferiti Pubblici","Playlist","DGA092369285","28yTfCrSfiX5inapGc8i10"
"The Hero!! - One Punch Man","Gabriele Motta","The Hero!! (One Punch Man)","Brani Preferiti Pubblici","Playlist","FRX282004500","5eo3hb5LKZfYts62ROvZ41"
"Riding the Storm","Deaf Election","Falling in Flames","Brani Preferiti Pubblici","Playlist","SE5Q51818258","0iB92OQbl9D6pNa3YzRLnl"
"RAGE","Hikigaya","RAGE","Brani Preferiti Pubblici","Playlist","RUA1D2227042","74RzYLT5dahApKE9IXB0Qi"
"Barou Theme (From 'Blue Lock')","D.Meletis","Barou Theme (From 'Blue Lock')","Brani Preferiti Pubblici","Playlist","GBLLT2311245","6WbtpqfzA01KLdCYf0aDsi"
"awake","Taku Iwasaki","JOJO'S BIZARRE ADVENTURE -O.S.T.] Battle Tendency [leicht verwendbar]","Brani Preferiti Pubblici","Playlist","JPQ461300027","1qqbzYjbflz9oo0nwqrKSz"
"Denji Fight Theme","Mask Music","Denji Fight Theme","Brani Preferiti Pubblici","Playlist","QZTAU2295004","2OrWwgmGbwxLcWtYvUnJxT"
"沸き上がる闘志","MUSASHI PROJECT","NARUTO -ナルト-　オリジナルサウンドトラック","Brani Preferiti Pubblici","Playlist","JPE300300226","7k9D5GUqhn0Jf3kBnfgQJ6"
"Libera Me From Hell","Benny Best","Libera Me From Hell","Brani Preferiti Pubblici","Playlist","QZNJX2201004","49RLgcX7EpjcsR15tsQDnc"
"Let's Beyblade (feat. Lucas Rossi) [Season 1]","Sick Kid","Beyblade: Beyblade Classics","Brani Preferiti Pubblici","Playlist","USLS52111112","7fqmSA96j6TrdrE68PNg6T"
"Let's Beyblade (Let It Rip)","Bitterwood","Sexy AF A//B","Brani Preferiti Pubblici","Playlist","QMDA62184338","39KTW4r1Q2XC7HG4L0bOmn"
"Hellforge Heretek","Rob Sigurd","Hellforge Heretek","Brani Preferiti Pubblici","Playlist","QZMEQ2324322","2VGD9sT5pBdR1ksfqQ6jK7"
"Orc Theme 4 (From ""Warcraft 2: Tides of Darkness"")","Vincent Moretto","Orc Theme 4 (From ""Warcraft 2: Tides of Darkness"")","Brani Preferiti Pubblici","Playlist","QZGWX2100170","4j9gxTQDnX3QNd9UevO9Sl"
"Boom Back","Sick Mother Crash","Smoke","Brani Preferiti Pubblici","Playlist","ARQIW2300288","1OwfCwEr75CnvJC2BxN17Z"
"SVC vs BRIC","Sinister Villains Culto","Sinister Villains","Brani Preferiti Pubblici","Playlist","QZDA62360760","0CRvHsTVNNrrF9Rv3TYEhu"
"Delusions of Saviour","Slayer","Repentless","Brani Preferiti Pubblici","Playlist","DED831500594","06WUUNf7q18NZfjIsQFsfa"
"Death Of Immortality (Warhammer40K)","Pathios Productions","Death Of Immortality (Warhammer40K)","Brani Preferiti Pubblici","Playlist","QZMEQ2360990","0NK0mP5KjWOTxd9oHXNuRY"
"Amore","Sentiero Dei Principi","Amore","Brani Preferiti Pubblici","Playlist","QZMEN2055387","6x3OqRofExofE5ZHE4pTLQ"
"Bobo Merenda","Enzo Jannacci","Enzo Jannacci","Brani Preferiti Pubblici","Playlist","ITB006800642","273T3OLeXu9fxOBSAYXy6A"
"Ho Visto Un Re","Enzo Jannacci","Enzo Jannacci - I Miti","Brani Preferiti Pubblici","Playlist","ITB006800609","2ZVohWP6HSpLeoXGvcQWgh"
"Il Libro In Una Mano, La Bomba Nell'altra","Negrita","Helldorado","Brani Preferiti Pubblici","Playlist","ITUM70801198","7lansfbWQGyVNMaCy5f65Z"
"Vertigine","Linea 77","10","Brani Preferiti Pubblici","Playlist","ITUM70901037","09ypMZB7BNAJPJiTDC5o36"
"Verso La Vetta","Plakkaggio","Verso La Vetta","Brani Preferiti Pubblici","Playlist","ITY862200034","0NjgSGTDpK8459CPp2aMMY"
"Tossico d'aria","Rancore","Elettrico","Brani Preferiti Pubblici","Playlist","ITJ790600215","3mYa2GYfsEeGjnomOGkxm2"
"The First of Its Kind","Ola Englund","The First of Its Kind","Brani Preferiti Pubblici","Playlist","CH6542345745","1HBnSsgh0IluCxPhvx5uSz"
"Art Of Violence","We Are Magonia","Art Of Violence","Brani Preferiti Pubblici","Playlist","QZK6K2394909","2ugXeXIpVePhQ4jqc4XDXL"
"Mayhem","DubZenStep","The Suicide Box","Brani Preferiti Pubblici","Playlist","DEAR41934915","1KWvJ7KrQ5eZAZjKUuaQxo"
"Sei in un paese meraviglioso","Giancane","Sei in un paese meraviglioso","Brani Preferiti Pubblici","Playlist","ITCV32310601","0BaYBfrLf4IwcRQInvXOkF"
"L'orologio del Coniglio","NoLove4Me","L'orologio del Coniglio","Brani Preferiti Pubblici","Playlist","ITEMM2300001","6HPg5U7eaZvxcgWQBA74XS"
"One Of These Days","DanielFromSalem","One Of These Days","Brani Preferiti Pubblici","Playlist","GX8LE2390696","2C2qrwyw7eFQtGDHLYljQX"
"chainsaw attacks!","Kensuke Ushio","Chainsaw Man Original Soundtrack Complete Edition - chainsaw edge fragments -","Brani Preferiti Pubblici","Playlist","JPU902204021","4FOrg7ifJ1XqCQErDHWGEy"
"Dolor","Angelmaker","Angelmaker","Brani Preferiti Pubblici","Playlist","QZES91997620","3rxHAu7WI36JT0DRqTaofp"
"Confessions of a Thief","David Csontos","Confessions of a Thief","Brani Preferiti Pubblici","Playlist","QZK6G2397471","7CC8GNCf2qAb8N3UFIIboq"
"Need to Be Strong (Music from Naruto)","Nico Bellisario","Need to Be Strong (Music from Naruto)","Brani Preferiti Pubblici","Playlist","QZK6K2036981","6yFAPHtojMLohPuS6kEFZu"
"Martial Arts (Bang Theme) - From ""One Punch Man""","Gabriele Motta","Martial Arts (Bang Theme) [From ""One Punch Man""]","Brani Preferiti Pubblici","Playlist","FR59R2195220","0jJpPVPfW30tV5aVVX5wRg"
"Death Itself","Aaron F. Bianchi Jupiter","Death Itself","Brani Preferiti Pubblici","Playlist","QZK6H2387810","4cS6JtGCxXVONQCfabIekU"
"Outlander","Geoffplaysguitar","Outlander","Brani Preferiti Pubblici","Playlist","QZDA82143275","1YjFk8b0QVrEf7EdwFuiKQ"
"The Blood Hunt","Marzuku","Industrial Hell","Brani Preferiti Pubblici","Playlist","BXVR02209096","1Q06ERYJtHRiIE37oQ7HsU"
"The Last Breath of Humanity","David Csontos","The Last Breath of Humanity","Brani Preferiti Pubblici","Playlist","QZK6K2388531","0Jxq83rt8ZTAIuQkZBssOn"
"chainsaw attacks!","Kensuke Ushio","Chainsaw Man Original Soundtrack EP Vol.1 (Episode 1-3)","Brani Preferiti Pubblici","Playlist","JPU902204021","1hEfwOaPFPFk7uNnXYCYXA"
"Enter the arena","mabanua","メガロボクス オリジナル・サウンドトラック","Brani Preferiti Pubblici","Playlist","JPZ921805375","6IX3ZqP8tKlfZg9FJ6tNlq"
"I Hear Voices","Death Bundy","I Hear Voices","Brani Preferiti Pubblici","Playlist","QZK6L2371511","55p4rn9G7bQu7V9o4GlToS"
"Sky Demon Boss Theme","Noah Giesler","Sky Demon Boss Theme","Brani Preferiti Pubblici","Playlist","QZNWV2022657","7xA2d3xiDDcRVOkigpAQ6m"
"Violent AF","Aaron F. Bianchi Jupiter","Violent AF","Brani Preferiti Pubblici","Playlist","QZK6P2373488","5ou1LGaxx6EKxGOPQiydNQ"
"I've Found My Place","Deathkite","Pigs","Brani Preferiti Pubblici","Playlist","SE5Q51809596","4n0IY8YpCPBs0DyNcljFWn"
"An Ode to Doom","The Gee J","An Ode to Doom","Brani Preferiti Pubblici","Playlist","QZNWZ2052503","426KAImjRXNSyo8SzjeJ1Y"
"Deliverance (from God of War)","Geoffplaysguitar","Deliverance (from God of War)","Brani Preferiti Pubblici","Playlist","QZHN32203328","1qoryTcB80pnq7JrdC3kZm"
"Meethook","Doom Eteral","Meethook","Brani Preferiti Pubblici","Playlist","BXVR02263363","1fJWe4LS5GLyss7MGcNxu5"
"POSTAL Brain Damaged Main Theme","Ivory Tower Soundworks","POSTAL: Brain Damaged (Original Game Soundtrack)","Brani Preferiti Pubblici","Playlist","PLI364902600","6SWiOTtUeQizaCH23nm2jH"
"DOOM 3 Theme (From ""DOOM 3"")","Utamaru","DOOM 3 Theme (From ""DOOM 3"")","Brani Preferiti Pubblici","Playlist","QZGWW1907779","0mSbC0BJTXxUVodJvF6S5B"
"Brute Force","Andromida","Infernal Carnage","Brani Preferiti Pubblici","Playlist","QZTAY2241519","0Ggtvjfhi7d13Q89bSzhaC"
"Nine","No Oath","Liminal_","Brani Preferiti Pubblici","Playlist","GBSMU0041420","0TNKUqJkq3UyklAGsro4dY"
"Heavy Duty EX","zYnthetic","Heavy Duty","Brani Preferiti Pubblici","Playlist","USE830975925","1bmwUJDpvA4gAdCwUAclLV"
"Sledge","Dance With the Dead","Driven to Madness","Brani Preferiti Pubblici","Playlist","TCAFY2102422","22xbCw0bxHECvCpk1UZxv9"
"Synthesis","Andromida","Synthesis","Brani Preferiti Pubblici","Playlist","QZK6F2082463","6K3eOhPwC99IS6vHzf9qQX"
"Livitica Void","Geoffplaysguitar","Livitica Void","Brani Preferiti Pubblici","Playlist","QZTB92231685","1uvb5WPVcDN6HQCsiq2uo0"
"Legendary Armaments","ENEMY AC130 ABOVE","Legendary Armaments","Brani Preferiti Pubblici","Playlist","TCAHA2396663","2xSBmOuxFAp517AzveNdv8"
"Exordium","Cody Matthew Johnson","Raid Ready","Brani Preferiti Pubblici","Playlist","QZDA81854296","598XUCuqZOPcnN6Rt7eAkD"
"Siamo tutti morti","Perry Watt","Nexus Arcanum","Brani Preferiti Pubblici","Playlist","QZ22B1921320","0z7PCN00gE5hggil36kcZu"
"Maledetta","Jason Creepy","Maledetta","Brani Preferiti Pubblici","Playlist","QZHN72330558","26bBkTxkuurzW7HFuMrNbi"
"Devil Laugh","Primigenios","Devil Laugh","Brani Preferiti Pubblici","Playlist","QZK6J2281535","1GkTezmjUpbuPF2Cf6wXaE"
"RAVE","Dxrk ダーク","RAVE","Brani Preferiti Pubblici","Playlist","QM4TX2201027","01kfSdF9zfcDLri5sSWEoL"
"LA DISTANCIA","Eternal Raijin","LA DISTANCIA","Brani Preferiti Pubblici","Playlist","QZK6L2074613","4RTg3pDXbHb8vptOy4vjLs"
"LA ESPADA","Eternal Raijin","LA ESPADA","Brani Preferiti Pubblici","Playlist","QZK6L2074963","2KYNQpVdHsqC84TgJa5T7O"
"Dark Streets for Dark Folk","David Csontos","Tales from Limbo","Brani Preferiti Pubblici","Playlist","QZFZ62190699","3ack0mg46iF0Ll5ZAbxG3h"
"Hatred","K$YWA","Hatred","Brani Preferiti Pubblici","Playlist","QZTB62234732","49Gkj0PIwlsKunZCgI3V3a"
"Arrival of the Undead King (feat. 51vk5)","Vetboss","Arrival of the Undead King (feat. 51vk5)","Brani Preferiti Pubblici","Playlist","QZ93L2024173","5m00xcZ0paDMZk20qvkEph"
"Super Soldier","Trailer Bros","Maximus (Soundtrack for Trailers)","Brani Preferiti Pubblici","Playlist","US3DF1934639","0ul58GUYkYfRwAsJdQS98S"
"Orphan of Kos (From ""Bloodborne"") - Synthwave Version","CthulhuSeeker","Orphan of Kos (From ""Bloodborne"") [Synthwave Version]","Brani Preferiti Pubblici","Playlist","QZPJ32252552","2KArD5SPx147zrGtssK0eE"
"Radagon of the Golden Order (from Elden Ring)","Geoffplaysguitar","Radagon of the Golden Order (from Elden Ring)","Brani Preferiti Pubblici","Playlist","QZDA42365631","7vMOm2qAXeD5EiTiigtMbD"
"The Darkness Overtakes","DanielFromSalem","The Darkness Overtakes","Brani Preferiti Pubblici","Playlist","GX89G2358991","3DTAl94NTEJlmEfPu2wMEs"
"Fight Theme EP1 (From 'Chainsaw Man') - Remake Version","D.Meletis","Fight Theme EP1 (From 'Chainsaw Man') [Remake Version]","Brani Preferiti Pubblici","Playlist","GBLLT2247930","6DzzBtouAJ6rHT7Bx2eCfh"
"Doflamingo Theme - From ""One Piece""","Gabriele Motta","Doflamingo Theme (From ""One Piece"")","Brani Preferiti Pubblici","Playlist","FR59R2365297","4Yfuum9nAouZxDHFZGaLNa"
"Exodus - Dark Edition","Robert Slump","Exodus (Dark Edition)","Brani Preferiti Pubblici","Playlist","GX3Q92367735","6PDU6vluxfwzGuYPy6cdAF"
"Maximum Attack - From ""Baki""","Gabriele Motta","Maximum Attack (From ""Baki"")","Brani Preferiti Pubblici","Playlist","FRX282212913","4zwhtNApDCfzLCYUkDiySr"
"Zenitsu vs Spider - From ""Demon Slayer""","Gabriele Motta","Zenitsu vs Spider (From ""Demon Slayer"")","Brani Preferiti Pubblici","Playlist","FR59R2398268","7cqhFP6WvMbCmRVoGk4UKI"
"Urarh","The Last Bear Ender","The Second Year Ender","Brani Preferiti Pubblici","Playlist","usl4r2119909","49SfCPARkCFIjjBiAK0lr6"
"L's Ideology - From ""Death Note""","Gabriele Motta","L's Ideology (From ""Death Note"")","Brani Preferiti Pubblici","Playlist","FR59R2310741","6mYhfQdXeciDzhasHn5bZq"
"The Only Way Out Is Through","The Day We Died","The Only Way Out Is Through","Brani Preferiti Pubblici","Playlist","QZDA72368628","7l7VI4VLRT6ybgqOQqLIgP"
"Monstrosity","Robert Slump","Monstrosity","Brani Preferiti Pubblici","Playlist","GX3Q92342566","6G4Kkw9bx1Hd6WvDS7NRqC"
"Homo Inhabilis","Confine","Homo Inhabilis","Brani Preferiti Pubblici","Playlist","QZTBA2217573","7sCBkaUqxVjgmWkOZEcE7e"
"19.07","Danger","Furi (Original Game Soundtrack)","Brani Preferiti Pubblici","Playlist","FR9W11612109","445Tdyge4wC6Qr7wosq5OY"
"Ludwig, the Holy Blade (from Bloodborne: The Old Hunters)","Geoffplaysguitar","Ludwig, the Holy Blade (from Bloodborne: The Old Hunters)","Brani Preferiti Pubblici","Playlist","QZK6P2143554","7hFakqXBBmaxVB2rlAcpFS"
"brains on the asphalt","King 810","brains on the asphalt","Brani Preferiti Pubblici","Playlist","QZTB32240214","75gCb74h1M7uc2yBLaav9c"
"Kingslayer","Robert Slump","Kingslayer","Brani Preferiti Pubblici","Playlist","GX3Q92328672","3Qj3U7hRkvNGo4vMOYyNGP"
"System Overload","Smash Stereo","System Overload","Brani Preferiti Pubblici","Playlist","CH6542307600","1833S0VN7WQh1qS5ggZ1Xx"
"Bone Church","Slipknot","Bone Church","Brani Preferiti Pubblici","Playlist","NLA322300015","36sAFU68abNDrMOJI5QYZi"
"Mayhem","Andromida","Mayhem","Brani Preferiti Pubblici","Playlist","QZNWU2227422","23yBGHE1vMQfnuIoBKwy5k"
"The Damned","The Day We Died","The Damned","Brani Preferiti Pubblici","Playlist","QZFZ42356263","0KLdqsrVj422jzljvilOTS"
"Minazuki (Unohana Bankai Theme) - From ""Bleach""","Gabriele Motta","Minazuki (Unohana Bankai Theme) [From ""Bleach""]","Brani Preferiti Pubblici","Playlist","DGA082271155","2EcjFYcAbeYN4HSxzzRJ0I"
"Finish Line (feat. Adam Gontier)","Skillet","Finish Line (feat. Adam Gontier)","Brani Preferiti Pubblici","Playlist","USAT22221550","5ipALw7s8VxqaxoskWH6hJ"
"Out Go The Lights - Japan Bonus Track","Scorpions","Out Go The Lights (Japan Bonus Track)","Brani Preferiti Pubblici","Playlist","DEUM72117547","6xzsakuDEPnxppCtArUP4O"
"Rock You Like a Hurricane - 2015 - Remaster","Scorpions","Love At First Sting (Deluxe Edition)","Brani Preferiti Pubblici","Playlist","DELV41501024","2fICdpdRotwfmGYzvs8Ngf"
"Wind Of Change","Scorpions","Crazy World","Brani Preferiti Pubblici","Playlist","USPG19090037","3ovjw5HZZv43SxTwApooCM"
"Boys Don't Cry","The Cure","Three Imaginary Boys","Brani Preferiti Pubblici","Playlist","GBALB7800001","1QFh8OH1e78dGd3VyJZCAC"
"Trying More","HORSKH","Wire","Brani Preferiti Pubblici","Playlist","FR59R2098985","3xhVKCpKzdyKiH0gnugfj6"
"FREE YOUR MIND","John Wolfhooker","FREE YOUR MIND","Brani Preferiti Pubblici","Playlist","CZA232201295","2ExWqFNHCpFBnECrPsTEpG"
"God Mode (Remastered)","Sons of Amon","Lock & Load","Brani Preferiti Pubblici","Playlist","uscgj1786223","1ZfU1pkLGQ0ZUrLjUFCwMJ"
"Brainwaves","Bernth","Brainwaves","Brani Preferiti Pubblici","Playlist","TCAGR2237238","21dYFGqhGaopayCk8ZRyQc"
"Departure to the Front Lines - From ""Naruto""","Gabriele Motta","Departure to the Front Lines (From ""Naruto"")","Brani Preferiti Pubblici","Playlist","DGA082241300","2amtzNnkwdG4fQimgmsLw4"
"SMHW (feat. Charles Caswell)","FRCTRD","Somehow // Somewhere","Brani Preferiti Pubblici","Playlist","QM6MZ2185303","4OmUDfIH9lqRXwIbznmXhm"
"Concrete","No Oath","Liminal_","Brani Preferiti Pubblici","Playlist","GBSMU0041422","1VKLNDElwHl4m83ThGgyYv"
"Passage","Olympus Lenticular","Passage","Brani Preferiti Pubblici","Playlist","TCAGS2365588","4k1NTTGYQwLGu9djJxm4pt"
"Rogue","Berend Salverda","Point Zero","Brani Preferiti Pubblici","Playlist","SEYOK1928551","3iIoUjQlWhu2dHJBGNM8fx"
"Strength and Glory","Robert Slump","Strength and Glory","Brani Preferiti Pubblici","Playlist","GX3Q92306847","28IdMjT2sHfsgbrmYJXwFA"
"The Debt","Lift The Curse","The Debt","Brani Preferiti Pubblici","Playlist","QZTB72210771","30y0r3xRBzngsUXJ2FeTgn"
"MURUBURZUM","Ozone Dehumanizer","MURUBURZUM","Brani Preferiti Pubblici","Playlist","QZTB82220884","5z7JiKJkyOLzNPNBYVkhlt"
"Planet on Fire (Warhammer 40k)","Rob Sigurd","Planet on Fire (Warhammer 40k)","Brani Preferiti Pubblici","Playlist","QZNWX2231723","5Gqd5jSi01tBHlzYbm7VAr"
"This Is a Call To Arms","Shredder 1984","Resistance","Brani Preferiti Pubblici","Playlist","ITXDW1900755","1WKhHlXOqCBXKlHt1CVrNA"
"Droid Rage","OGRE Sound","195","Brani Preferiti Pubblici","Playlist","GB-SMU-18-78718","6BzXcsB6HhmO7yQ7qBjK48"
"Mohg, Lord of Blood (From ""Elden Ring"") - Synthwave Version","CthulhuSeeker","Mohg, Lord of Blood (From ""Elden Ring"") [Synthwave Version]","Brani Preferiti Pubblici","Playlist","QZPJ32176922","71gVbpv2VwVHMPo5lmU9Kr"
"Divergent Fist (From ""Jujutsu Kaisen"") - Cover Version","Styzmask","Divergent Fist (From ""Jujutsu Kaisen"") [Cover Version]","Brani Preferiti Pubblici","Playlist","QZPJ32217747","3JBFkgb32hljNhKShFOSsB"
"Flight of the Bumblebee","Apocalyptica","Metal Classic, Classic Metal","Brani Preferiti Pubblici","Playlist","DERK42200140","6TxQF1KzSXJoKzdAzUua9y"
"Never Meant to Belong - From ""Bleach""","Gabriele Motta","Never Meant to Belong (From ""Bleach"")","Brani Preferiti Pubblici","Playlist","FRX872283218","43zHbIZ02hx0ivS4ecBRaV"
"Meathook Squared - Meathook Remade With Meat Hook Sounds","Aaron F. Bianchi Jupiter","Meathook Squared (Meathook Remade With Meat Hook Sounds)","Brani Preferiti Pubblici","Playlist","QZGWX2245082","4IMWbmKxCD5PoCKYsZDLgs"
"Seal of Orichalcos Theme (from ""Yu-Gi-Oh"")","Anast Agakides","Seal of Orichalcos Theme (from ""Yu-Gi-Oh"")","Brani Preferiti Pubblici","Playlist","GX38U2240482","2jxKq8XN3uQHQEcFMzQy13"
"Lichdragon Fortissax (From ""Elden Ring"") - Synthwave Version","CthulhuSeeker","Lichdragon Fortissax (From ""Elden Ring"") [Synthwave Version]","Brani Preferiti Pubblici","Playlist","QZPJ32194095","7zRsGBHggHYRWMC4oD8lKP"
"Ghosthorse","Brendon Small's Galaktikon","Ghosthorse","Brani Preferiti Pubblici","Playlist","TCAFN2124531","5CV3F2Mrme7gCoC7rrGIZc"
"March of the Dead","Dance With the Dead","Driven to Madness","Brani Preferiti Pubblici","Playlist","TCAFY2102387","1yItTv2O2Ui8NmRPt3p7Pq"
"Hundred Years War - From ""Berserk""","Gabriele Motta","Hundred Years War (From ""Berserk"")","Brani Preferiti Pubblici","Playlist","FRX872245828","6b3KQwxFMYexagfltpnUAJ"
"Stand Up Be Strong (Pt. I)","Shiro SAGISU","劇場版BLEACH Fade to Black Original Soundtrack","Brani Preferiti Pubblici","Playlist","JPE300802081","72ipPCGWlVXLbh7rZNwh26"
"Gungrave","Robert Slump","Beast Mode","Brani Preferiti Pubblici","Playlist","GX3Q92179712","63CfISB7zfTjZl5eSoPwOQ"
"Nightmare","Andrew Hulshult","Nightmare Reaper (Original Game Soundtrack)","Brani Preferiti Pubblici","Playlist","TCAGC2278976","1u88dOWVD1K64KK4WwbylO"
"Future Club","A. Yarmak","Hotline Miami Goes Metal","Brani Preferiti Pubblici","Playlist","QZFZ21944704","38FA2ZoefZQ6ASwF6TBbiQ"
"Goblin Slayer Main Theme","Gabriele Motta","Goblin Slayer Main Theme","Brani Preferiti Pubblici","Playlist","FRX282280098","2QVghLxn30nYo059bNynPk"
"Kid Gohan's Whistle","ACN Music.","Kid Gohan's Whistle","Brani Preferiti Pubblici","Playlist","GX89G2203024","04SgnLzXkjhU8o6rNz3Zeb"
"I'm A Monster (From ""One Punch Man Season 2"")","PokéMixr92","I'm A Monster (From ""One Punch Man Season 2"")","Brani Preferiti Pubblici","Playlist","QZGWW1979035","2ef0fg7on1Jb4wtC13rXvV"
"Run - Doom Version","Aaron F. Bianchi Jupiter","Run (Doom Version)","Brani Preferiti Pubblici","Playlist","QZPJ32173541","5qYRS8MBj4911Gq0RSgwjJ"
"Ultima","Within Destruction","Lotus","Brani Preferiti Pubblici","Playlist","QMEU32203714","4cjTV6AHabF6yfJkOVXAXW"
"Bury the Light - From ""Devil May Cry"", Vergil's Theme","Gabriele Motta","Bury the Light (From ""Devil May Cry"", Vergil's Theme)","Brani Preferiti Pubblici","Playlist","FRX282232956","04X46xBXDIz1unz1P5pbva"
"No King Rules Forever","Alex Yarmak","No Pity for the Sinking Ship","Brani Preferiti Pubblici","Playlist","TCAGF2270502","5rjFfvYV6s0bcAmnVGIdfS"
"My Brother Dragon Slayer","aliceintheskies","My Brother Dragon Slayer","Brani Preferiti Pubblici","Playlist","USJ3V2138050","6s5fD2033aTF7o5d2ofKFQ"
"Halloween","Orbit Culture","Halloween","Brani Preferiti Pubblici","Playlist","QZFZ32016599","6dw9CuNdyEYk0a36joDgxQ"
"I'm a Monster","RoomTone","Nice Fight. 2 (Covers from One Punch Man)","Brani Preferiti Pubblici","Playlist","QZFYX2279883","7vjfBRSmxqetr3nvJplvmj"
"Darkbreed","Robert Slump","Beast Mode","Brani Preferiti Pubblici","Playlist","GX3Q92179707","0jB6SUfLOXytyH4VmolaUO"
"Laurence, the First Vicar (From ""Bloodborne"") - Synthwave Version","CthulhuSeeker","Laurence, the First Vicar (From ""Bloodborne"") [Synthwave Version]","Brani Preferiti Pubblici","Playlist","QZPJ32210069","5UJM82gaFmhU8vaRIDVJCJ"
"The Doom Codex","Robert Slump","The Doom Codex","Brani Preferiti Pubblici","Playlist","GX53U2079815","5Omzh7pZ8G2bq9RaFTdiYS"
"Blackbeard Theme - From ""One Piece""","Gabriele Motta","Blackbeard Theme (From ""One Piece"")","Brani Preferiti Pubblici","Playlist","DGA052264386","4Bli0DdkMREzsq4f0qpXfY"
"Smoke","XVI Religion","John Princekin 3","Brani Preferiti Pubblici","Playlist","ITK192200002","4wgeucbaRdXhrnO9JXFBh1"
"Shinobi","ZZ","Shinobi","Brani Preferiti Pubblici","Playlist","QZDA71969386","5rzS0y9y5nkhIh1K3zEvcC"
"IRR€V€R$IBIL€","Mistaman","M-theory","Brani Preferiti Pubblici","Playlist","ITJA21400208","52wCO1vVPLi7o6PigND20F"
"I'm a Monster (Garou Theme) - From ""One Punch Man""","Gabriele Motta","I'm a Monster (Garou Theme) [From ""One Punch Man""]","Brani Preferiti Pubblici","Playlist","DGA062219374","6MBOnWC0UVeaAnKOpitfDS"
"Dunkelheit","Burzum","Filosofem","Brani Preferiti Pubblici","Playlist","GBXGC0809001","5v3TSHYm8BzbON2u6QBEG7"
"Carbomb","Ghostemane","Fear Network","Brani Preferiti Pubblici","Playlist","TCAEE1910760","5XJr0WY9DzZ5pIY8ySUmI7"
"Instant","Fractalize","Immersion","Brani Preferiti Pubblici","Playlist","TCAEP2028587","1v37i9l2BzxRab3dusiXdQ"
"Ink - Instrumental","The Dali Thundering Concept","Savages Instrumental","Brani Preferiti Pubblici","Playlist","QZ5FN1889805","2coofmtZo7ibenta1niuYt"
"Far From Earth","Zero Horizon","L.I.F.E","Brani Preferiti Pubblici","Playlist","QZDA42127490","0cbZIkuBCJvtJqXcaMBJyc"
"Riskäpplet","Stoort Neer","MÖRRINJÖ","Brani Preferiti Pubblici","Playlist","QZNWQ2086667","3c4WPdgqinwv9khgKFp8St"
"Sulphur","Drown in Sulphur","Blackwind","Brani Preferiti Pubblici","Playlist","usdy41929508","12CJJpLPkhRDuYLLOFtvnc"
"Night Terrors - Instrumental","Currents","The Place I Feel Safest (Instrumental)","Brani Preferiti Pubblici","Playlist","DED831800426","6yChd1se5AkQRhjg6k5OeZ"
"Dead Star","Olympus Lenticular","Artificial Apex","Brani Preferiti Pubblici","Playlist","TCAFT2153901","54WQ0XjxAeTXyUYY2sPZrT"
"Monsters - Instrumental","Currents","The Way It Ends (Instrumental)","Brani Preferiti Pubblici","Playlist","DED832100230","1ngoC3Qln76vBVwZ2WWiMq"
"Interface","No Oath","Silicon","Brani Preferiti Pubblici","Playlist","GBSMU7949306","17rsgn425teXYs1oGMUR2Y"
"Fujiwhara Effect","ENEMY AC130 ABOVE","The Center of Celestial Existence","Brani Preferiti Pubblici","Playlist","TCAFE2022602","30RyTuM0Z05YqdO3GzlWzQ"
"The Doubt // .61803..","IAMONE","The Life Code","Brani Preferiti Pubblici","Playlist","QMPKX1810266","3PyZktCrq4w81Jr9Cq2UIg"
"Megastructure","No Oath","Silicon","Brani Preferiti Pubblici","Playlist","GBSMU7949302","7J1R3foygGUtpgSE53QEXu"
"The Center of Celestial Existence","ENEMY AC130 ABOVE","The Center of Celestial Existence","Brani Preferiti Pubblici","Playlist","TCAFE2022597","2DQQ1qMBlH6GLdDbWTDMBn"
"Anthropocene","Olympus Lenticular","Artificial Apex","Brani Preferiti Pubblici","Playlist","TCAFT2153895","2spb00dZSElw4tARmNoImy"
"Molecular Integrity","ENEMY AC130 ABOVE","The Center of Celestial Existence","Brani Preferiti Pubblici","Playlist","TCAFE2022617","10NpmRdADgGWkgebR6D8HM"
"The Ascent","Nik Nocturnal","Undying Shadow","Brani Preferiti Pubblici","Playlist","QZAPG1735971","7HvX5hokFVpqrmZrH16siE"
"Awaken","Mankind Grief","Inquisitor","Brani Preferiti Pubblici","Playlist","TCAEH1924955","3RFCIsTJV79Movk8UClmMP"
"Tabula Rasa","FRCTRD","Somehow // Somewhere","Brani Preferiti Pubblici","Playlist","QM6MZ2185298","727zQJPoeKUh3jJ3bKrkdt"
"Net","No Oath","Silicon","Brani Preferiti Pubblici","Playlist","GBSMU7949301","0t1rYZzhcwuqLIv5GrE9yP"
"Dood E1M1","Jason Richardson","Dood E1M1","Brani Preferiti Pubblici","Playlist","USA2P2038270","1NTDPD1DrcDpGoYlVbIXEa"
"Artefact","No Oath","Silicon","Brani Preferiti Pubblici","Playlist","GBSMU7949307","4yCADRCYZ0IxwSYe5TgXwq"
"Archean","Olympus Lenticular","Artificial Apex","Brani Preferiti Pubblici","Playlist","TCAFT2154007","5q7MyPXbvTTeJSZD08cG7l"
"Brass Crown","Left To Vanish","Dethroned","Brani Preferiti Pubblici","Playlist","TCADL1835947","7IM6GvATl0WipklxF32WdN"
"Disclosure","Krosis","Solem Vatem (Redux)","Brani Preferiti Pubblici","Playlist","QM7282024354","7DEROTVVtH7BtaE68SPimV"
"Reform","Terraform","Zenith","Brani Preferiti Pubblici","Playlist","USDHM1530348","11UKdusKqiVXDp5CokEelA"
"Non Dormire","Noyz Narcos","Non Dormire","Brani Preferiti Pubblici","Playlist","ITDF61777024","2E2Za7ZEqhAaxDAn4IdIk6"
"Self-Embodiment Of Perfection","Alisa Okehazama","Jujutsu Kaisen (Original Television Soundtrack)","Brani Preferiti Pubblici","Playlist","JPV432100218","5uYgzNP1o6iZ4Ozk1aWMg2"
"Martial Arts","RoomTone","Nice Fight. 2 (Covers from One Punch Man)","Brani Preferiti Pubblici","Playlist","QZFYX2279882","5ek2BiKpc157Iixnedtr1N"
"The Kids Aren't Alright","The Offspring","Americana","Brani Preferiti Pubblici","Playlist","USSM19804363","4EchqUKQ3qAQuRNKmeIpnf"
"Killing In The Name","Rage Against The Machine","Rage Against The Machine - XX (20th Anniversary Special Edition)","Brani Preferiti Pubblici","Playlist","USSM11205433","59WN2psjkt1tyaxjspN8fp"
"Sound of Madness","Shinedown","The Sound of Madness","Brani Preferiti Pubblici","Playlist","USAT20802280","1TRr8Pp2uOqL24fMHpJyV3"
"BURN IT DOWN","Linkin Park","LIVING THINGS","Brani Preferiti Pubblici","Playlist","USWB11200587","7oVEtyuv9NBmnytsCIsY5I"
"Taking You Down","Egypt Central","Egypt Central","Brani Preferiti Pubblici","Playlist","US2D60720003","3kt9T7qmJO7TbBoxthaIVW"
"Prayer Of The Refugee","Rise Against","The Sufferer & The Witness","Brani Preferiti Pubblici","Playlist","USUM70603971","2VGQ342iuqj6aSaYbyBQVJ"
"Over And Under","Egypt Central","Egypt Central","Brani Preferiti Pubblici","Playlist","US2D60720002","6Lah64e21cUytn0QXfuOoF"
"Faint","Linkin Park","Meteora","Brani Preferiti Pubblici","Playlist","USWB10300468","4Yf5bqU3NK4kNOypcrLYwU"
"Numero Uno","Ensi","Era Tutto Un Sogno","Brani Preferiti Pubblici","Playlist","ITDF41900054","13eXWlxnma6Dx7y9O1PIGF"
"New Face // Same Loneliness","VCTMS","New Face // Same Loneliness","Brani Preferiti Pubblici","Playlist","QZPLR2062998","5Ts6o2M7awSFQ83x1yMVmo"
"Alone - (Instrumental)","Within Destruction","Yōkai (Instrumental)","Brani Preferiti Pubblici","Playlist","QZMEQ2043053","7KSxESCuWcB5XKPwiTgNvS"
"HAZE","howie808","HAZE","Brani Preferiti Pubblici","Playlist","QZNWZ2010789","2dLDWVH9wsbjSiPXcKf3um"
"The Only","Static-X","Shadow Zone","Brani Preferiti Pubblici","Playlist","USWB10301803","35ZmCVnfYRdK1iLGCxNhMa"
"Mirrors","Jason Richardson","I","Brani Preferiti Pubblici","Playlist","TCACO1698719","6DGVUAbl1XD2yREim4Tm0p"
"Sakura","Within Destruction","Yōkai","Brani Preferiti Pubblici","Playlist","QZHN62013507","2s0xdai1hn2yRLAliZMLRV"
"AFFLUENZA","3TEETH","METAWAR","Brani Preferiti Pubblici","Playlist","USQX91900119","1z4xkST8yFwWI4pgNcxFG7"
"G.O.A.T.","Polyphia","New Levels New Devils","Brani Preferiti Pubblici","Playlist","ITH711800114","0maCwhZTO3PybhSiQcsjAf"
"ARGENT INTENSITY","Jesse Zuretti","ARGENT INTENSITY","Brani Preferiti Pubblici","Playlist","QZMER2298385","3upLu0ehEJqKgmITTkpmlS"
"Death by Metal","Fulci","Death by Metal","Brani Preferiti Pubblici","Playlist","TCAER2082655","2XAZyMLoPLOfgKqbQZqtMR"
"Quello che c'abbiamo","Gente de Borgata","Manifesto","Brani Preferiti Pubblici","Playlist","ITAB21300099","44tOxu968niVstZSQv9Ww1"
"JoJo's Theme (Doom Version)","Aahiden","JoJo's Theme (Doom Version)","Brani Preferiti Pubblici","Playlist","QZNWU2263919","5CILaxqY18T6yBVvMx2DmI"
"Dr. Satana","Vashish","Hardercore Rap","Brani Preferiti Pubblici","Playlist","TCAFU2170842","2f7Gqfr1s1W40epDrja4vF"
"Rassegna Stampa","P38","Rassegna Stampa","Brani Preferiti Pubblici","Playlist","ITHEZ2200001","6LJILjWl4AuUovERv9lR7F"
"RENAULT","P38","NUOVE BR","Brani Preferiti Pubblici","Playlist","TCAFW2150475","5aJKklLQ9cw5ZkGMpScpq7"
"Rules of Engagement","Geneburn","Rules of Engagement","Brani Preferiti Pubblici","Playlist","QZES52147827","3pmWZXxW73nDvV8H7xdwOV"
"Succubus","Void Amber","Succubus","Brani Preferiti Pubblici","Playlist","QZNWU2091375","0BBwfkWHWs1Cw14CCwVRIL"
"AGRESSIVE","SAMURAI","AGRESSIVE","Brani Preferiti Pubblici","Playlist","QZDA82275953","15X0M4txy5jjMlqz2s2LHK"
"Antiproiettili","Pacino","Passione e sacrificio","Brani Preferiti Pubblici","Playlist","ITAB21100053","7AmtnICNZuyUN0WtUdjYcP"
"Alfa 90","Grezzo","Siberia","Brani Preferiti Pubblici","Playlist","FR10S1924985","7JUkjNzOYw6fB1x5wCrsPB"
"Mac vs Myc","Mac Myc","Skinwalkers","Brani Preferiti Pubblici","Playlist","TCAEP2048588","28JZExW7rjO1AAWfsh6vCO"
"Tempesta perfetta","Mac Myc","Skinwalkers","Brani Preferiti Pubblici","Playlist","TCAEP2048594","6mXvQ4e1MJarh3Ps35VloK"
"Gotham (Freestyle)","Mac Myc","Lone Wolf","Brani Preferiti Pubblici","Playlist","TCAES2039682","15TzLUC79cYac2Xl3R5lVR"
"10 Bottiglie di Rum","Mac Myc","Lone Wolf","Brani Preferiti Pubblici","Playlist","TCAES2039676","3Dfc9aOKRWfWqiwqZYj5wi"
"Immortale","Mac Myc","Lone Wolf","Brani Preferiti Pubblici","Playlist","TCAES2039640","2kWR7082ERLnVTXCuJO96X"
"Lupo (2018)","Ozone Dehumanizer","Lupo (2018)","Brani Preferiti Pubblici","Playlist","QZHNA2155145","4aEkSs5d3HK9KalSxuLqIV"
"Treachery (Aizen Theme) - From ""Bleach""","Gabriele Motta","Treachery (Aizen Theme) [From ""Bleach""]","Brani Preferiti Pubblici","Playlist","FR10S2219429","6ylDYwLz0hwxB6EMWP1Npa"
"Bosco Di Pan","Ozone Dehumanizer","Bosco Di Pan \ Gli Alberi Verdi","Brani Preferiti Pubblici","Playlist","QZES72091259","0EAffG5DcNlIEndX7QUsrQ"
"Ulfhethnar","Ozone Dehumanizer","Ulfhethnar","Brani Preferiti Pubblici","Playlist","QZFZ72236716","2vJ9qkPqkEvifhhYv47ULN"
"xNxCxFx (2019)","Ozone Dehumanizer","xNxCxFx (2019)","Brani Preferiti Pubblici","Playlist","QZHNA2117249","5VNb92sWKDVMc2oTc7dUnQ"
"Brutal Verses","Ozone Dehumanizer","Brutal Verses","Brani Preferiti Pubblici","Playlist","QZDA72035668","3uaJINVUbP9VNZ8NOI6tPc"
"PRIMO PRINCIPIO DI ANNULLAMENTO DELLA LUCE","Ozone Dehumanizer","PRIMO PRINCIPIO DI ANNULLAMENTO DELLA LUCE","Brani Preferiti Pubblici","Playlist","QZHN32249351","2XcMXZ9hZDkA6gvVg313a6"
"Dancing With Myself","Billy Idol","Vital Idol","Brani Preferiti Pubblici","Playlist","USNPD1217889","1BY1Vd2Bt6JPOhMvsIwtVv"
"Shout","Tears For Fears","Songs From The Big Chair (Super Deluxe Edition)","Brani Preferiti Pubblici","Playlist","GBF088490125","11leihwcsTVOTo1gxpgYNG"
"London Calling - Remastered","The Clash","London Calling (Remastered)","Brani Preferiti Pubblici","Playlist","GBARL1200680","5jzma6gCzYtKB1DbEwFZKH"
"Beat It","Michael Jackson","Thriller 25 Super Deluxe Edition","Brani Preferiti Pubblici","Playlist","USSM19902990","1OOtq8tRnDM8kG2gqUPjAj"
"Sharp Dressed Man - 2008 Remaster","ZZ Top","Eliminator","Brani Preferiti Pubblici","Playlist","USWB10702682","1UBQ5GK8JaQjm5VbkBZY66"
"We're Not Gonna Take It","Twisted Sister","Stay Hungry","Brani Preferiti Pubblici","Playlist","USAT20000548","1hlveB9M6ijHZRbzZ2teyh"
"Back In Black","AC/DC","Back In Black","Brani Preferiti Pubblici","Playlist","AUAP08000046","08mG3Y1vljYA6bvDt4Wqkj"
"Black Hole Sun","Soundgarden","Superunknown (Deluxe Edition)","Brani Preferiti Pubblici","Playlist","USAM19400007","2EoOZnxNgtmZaD8uUmz2nD"
"Goblin Slayer (Main Theme)","Lucas Sto Gar","Goblin Slayer (Main Theme)","Brani Preferiti Pubblici","Playlist","AEA0Q2038322","1qlnKVmrcoweV8QzUHIZ0Y"
"Aria - From ""Berserk""","Gabriele Motta","Aria (From ""Berserk"")","Brani Preferiti Pubblici","Playlist","FRX282197864","0WjKxrT6hE8syAgILRClp5"
"Crazy Train","Dsa Commando","Sputo","Brani Preferiti Pubblici","Playlist","TCACK1502730","2CaFkoeprVbkyMKUNPWsjp"
"Vi dovete spaventare","Richard Benson","L'inferno dei Vivi","Brani Preferiti Pubblici","Playlist","ITK251510017","0fX7UAoRMv4bafrdSRV4Dj"
"I Nani","Richard Benson","L'inferno dei Vivi","Brani Preferiti Pubblici","Playlist","ITK251510012","6PnDqCYWtui2l2xKXz9EJx"
"Solo contro l'universo","Kappa-O","Kappa-O vs l'universo","Brani Preferiti Pubblici","Playlist","TCAEA1851588","1nGoPhTWBeEMiYTbHXoY6i"
"Pezzi bui","Skruigners","Grazie di tutto","Brani Preferiti Pubblici","Playlist","FR6V89902928","1fYzW5GSU0ETbvfpb66OGS"
"Parlavo Con La Luna","Ozone Dehumanizer","Parlavo Con La Luna","Brani Preferiti Pubblici","Playlist","QZES52044912","4U4g37lplU2GLaCu6Hyott"
"Devil Jin Kazama","IN6N","(Black Parade)","Brani Preferiti Pubblici","Playlist","QZHN61941439","4oQCIpsTYwcZDPDwBwJdyE"
"Amore per l'Inox","Vashish","Hardercore Rap","Brani Preferiti Pubblici","Playlist","TCAFU2170890","5G2llp5CHlUxxcrkvP2xpU"
"Montecitorio","IN6N","(Black Parade)","Brani Preferiti Pubblici","Playlist","QZHN61941438","6mio6wrfjohLqhYlIwYW9T"
"Dalla Morte","Ozone Dehumanizer","Dalla Morte","Brani Preferiti Pubblici","Playlist","QZES52043845","7eXDqpt48mK7gPfmdXfdd2"
"Rust in Peace","NEO13","Tredici","Brani Preferiti Pubblici","Playlist","FRX872168663","6yepkCBZImSXuf99v0HNqk"
"God Of War - From ""God Of War 5""","Gabriele Motta","God Of War (From ""God Of War 5"")","Brani Preferiti Pubblici","Playlist","FR10S2217764","3UOJ2sp6RJrp5QAKUVwCuM"
"Paranoid","Black Sabbath","Paranoid (Remastered)","Brani Preferiti Pubblici","Playlist","GBAJE7000057","5ERnPWGQc5QK7M7HW3rjC6"
"Mist of Rage","Noisecream","Bananas","Brani Preferiti Pubblici","Playlist","QZFYZ1911039","2HejOe2xupqJYBzExs9bN4"
"Doom 3 Theme Song","Andrew Baena","Doom 3 Theme Song","Brani Preferiti Pubblici","Playlist","QZDA72138153","2JzCEqMEmLFjE3CoExvqBR"
"The Sanctified Mind (From ""Destiny 2"")","Utamaru","The Sanctified Mind (From ""Destiny 2"")","Brani Preferiti Pubblici","Playlist","QZGWX2050466","5GORJlaRt7uGiR6tWz8zFz"
"Into Sandy's City","Nemistade","Into Sandy's City","Brani Preferiti Pubblici","Playlist","USY281609558","3nYfayWymqgRnpgwCIhdui"
"In the House In a Heartbeat - Remix","Metro Exodus","In the House In a Heartbeat (Remix)","Brani Preferiti Pubblici","Playlist","UKLMF1900001","2iSjIEdVdyxd34tgxwB8aW"
"Spoiler","Alex Yarmak","Cyberpunk Goes Metal","Brani Preferiti Pubblici","Playlist","QZHN41906823","0wV5mWmouqG0XUPbUCTC4X"
"Don't Look Behind - From ""Black Lagoon""","Vasaria Project","Repentance","Brani Preferiti Pubblici","Playlist","FR96X1642018","1NSAPNSZ4WUWU70f1hbo9a"
"Elden Ring Trailer Theme (from ""Elden Ring"")","UprisingGrand","Elden Ring Trailer Theme (from ""Elden Ring"")","Brani Preferiti Pubblici","Playlist","QZNWU2141943","3cWlmj8xxu25xE94FQB54e"
"Heavy Violence - From ""Naruto""","Gabriele Motta","Heavy Violence (From ""Naruto"")","Brani Preferiti Pubblici","Playlist","FR26V2065852","32fMsJFtfncxJs89H6djjq"
"Crazy Spec - From ""Baki""","Gabriele Motta","Crazy Spec (From ""Baki"")","Brani Preferiti Pubblici","Playlist","FRX762173147","6tmDqbyYxiCJzK09OwMIOJ"
"The Only Thing They Fear Is Silver For Monsters (DOOM x Witcher)","Heytan Music","DOOM Covers","Brani Preferiti Pubblici","Playlist","QZGWW2106004","0mGglJezOWJEFSLbiM6EO8"
"Everything Ends Here","Gunpowderbob","Everything Ends Here","Brani Preferiti Pubblici","Playlist","QZFZ31986189","7DuEbYVpulQTpjUDCIFCRx"
"At Eternal's Gate","DasKuchenMann","New Ends","Brani Preferiti Pubblici","Playlist","QZK6M2025246","0xrDC8bDPoUdUXgN4oHOvk"
"Cultist Base (From ""Doom Eternal"")","Eoe","Eoe of Cyberpunk","Brani Preferiti Pubblici","Playlist","QZPJ32128654","7IpW719VSSH9qco1zHcwpZ"
"264bpm Song","Andrew Baena","264bpm Song","Brani Preferiti Pubblici","Playlist","QZMEN2088838","6u0wLxcpWMtg11kYWrhCOk"
"Blood Coagulant","DM DOKURO","The Tale of a Cruel World (Calamity Original Game Soundtrack)","Brani Preferiti Pubblici","Playlist","QZ6K42000823","2XMZbIpXhtnNvC9NsCJlQz"
"The Collapse","Adelitas Way","Home School Valedictorian","Brani Preferiti Pubblici","Playlist","USVI21100027","3h99RESVnS9wla9mxLGC0q"
"Cradles","Sub Urban","Cradles","Brani Preferiti Pubblici","Playlist","GB2LD1800949","18A7ha5BitZjmdHTCwXFbU"
"Kahin Mujhe Pyar Hua Toh Nahin - Jhankar","Alka Yagnik","Rang (Jhankar; Original Motion Picture Soundtrack)","Brani Preferiti Pubblici","Playlist","INT101700543","2rKh58vbml90hfV02jEM9z"
"Fall of Davoth","Geoffplaysguitar","Fall of Davoth","Brani Preferiti Pubblici","Playlist","QZHNB2146509","2r1WMSrsXA25fTceeH9K6C"
"Awaken (Pillar Men Theme)","Friedrich Habetler","Awaken (Pillar Men Theme)","Brani Preferiti Pubblici","Playlist","QZGWW2038835","7FXROE09ejzPYcFHrNrOSj"
"Blood And Guts - From ""Berserk""","Gabriele Motta","Blood And Guts (From ""Berserk"")","Brani Preferiti Pubblici","Playlist","FR10S2193081","2jJULfe6fvO712mGpafnZ6"
"Tank! - Cowboy Bebop Opening Theme","Coded Channel","Remember the Themes - Manga Anime, and Other Cartoon Themes","Brani Preferiti Pubblici","Playlist","GBRBE0796119","2HoDg0DCoqqGCdzm4oMec0"
"Party Tonight","The Shipp of Fools","Party Tonight","Brani Preferiti Pubblici","Playlist","QZK6G2057414","24vGEsiOTaoG2j3JdajXOQ"
"Forces - From ""Berserk""","Gabriele Motta","Forces (From ""Berserk"")","Brani Preferiti Pubblici","Playlist","FRX202156030","7kvOkBCMLgUB9t3m9g8fDo"
"Megalovania","RichaadEB","Megalovania","Brani Preferiti Pubblici","Playlist","QZGWW1965911","6Nb0qYaWl4EAxHbGcKlLjR"
"Theme of One Punch Man (Seigi Shikkou)","RoomTone","Nice Fight. (Covers from One Punch Man)","Brani Preferiti Pubblici","Playlist","QZES71951334","1yJOyX2W6AP3YTuH4wMCon"
"Night of Nights","RichaadEB","Night of Nights","Brani Preferiti Pubblici","Playlist","QZGWW1904080","2OgHBcWrsQUwnZi5atxPFF"
"Spider-Man the Animated Series Theme","Nstens1117","Nostalgia, Vol. 1","Brani Preferiti Pubblici","Playlist","QZDA41830967","0Cx59iwe4l9zSNpgOzRMIR"
"No More Words (Remastered) [Jeff Hardy]","WWE","No More Words (Remastered) [Jeff Hardy]","Brani Preferiti Pubblici","Playlist","USBAC1300800","4xnDoTtds7iWv1TL9EzALJ"
"I Am... All Of Me","Crush 40","SHADOW THE HEDGEHOG OFFICIAL SOUNDTRACK","Brani Preferiti Pubblici","Playlist","JPX300516700","4slBHMsULWSDtG2hspyTC8"
"Black Swordsman Unleashed - From ""Berserk""","Gabriele Motta","Black Swordsman Unleashed (From ""Berserk"")","Brani Preferiti Pubblici","Playlist","FRX202122248","6pQ6AfSraDr8yXipMCOhF0"
"Mortal Kombat","The Immortal(S)","Mortal Kombat","Brani Preferiti Pubblici","Playlist","ushm81814738","7210gUfSMVJ7ngS65IBR7g"
"Boss of Me (from Malcolm in the Middle)","Southern Creek Players","Television and Movie Themes","Brani Preferiti Pubblici","Playlist","USQY51571112","62X5Nc50jIaHp1l1yujjKi"
"Bocciofili (con Fedez e Mistico)","Dargen D'Amico","Vivere Aiuta A Non Morire","Brani Preferiti Pubblici","Playlist","ITUM71300136","1WG95iYndhwzCo7zpitKG6"
"Hero Of War","Rise Against","Appeal To Reason","Brani Preferiti Pubblici","Playlist","USUM70832583","00hVU6kDP67JHurfwG2dtq"
"Stricken","Disturbed","Ten Thousand Fists","Brani Preferiti Pubblici","Playlist","USRE10500766","6RJdYpFQwLyNfDc5FbjkgV"
"Enemies","Shinedown","Amaryllis","Brani Preferiti Pubblici","Playlist","USAT21200235","1SDl9wY1MqbpJQW0yKEWxL"
"Getting Along","Royal Republic","Weekend Man","Brani Preferiti Pubblici","Playlist","DEUM71503581","1Ly7xppUgLEZ4iwxRAR9Sf"
"Golden Dump (The Trump Hump)","Klemen","Golden Dump (The Trump Hump)","Brani Preferiti Pubblici","Playlist","SE3OH1617335","1J93jBTvGMGmq1jad1u2oj"
"Putin, Putout","Klemen","Putin, Putout","Brani Preferiti Pubblici","Playlist","USE831546265","1yOvJb8BBvIJzg3Jq0ZUJT"
"All or Nothing","Sylar","Seasons","Brani Preferiti Pubblici","Playlist","USHR21810702","1lvp5HcDCr30dAOERyN54D"
"Still Waiting","Sum 41","Does This Look Infected?","Brani Preferiti Pubblici","Playlist","USIR20200792","0jqK7sGTLsHPkQrrcrGuKD"
"Two Princes","Spin Doctors","Pocket Full Of Kryptonite","Brani Preferiti Pubblici","Playlist","USSM19000350","4ePP9So5xRzspjLFVVbj90"
"All Star","Smash Mouth","Astro Lounge","Brani Preferiti Pubblici","Playlist","USIR19902220","7ntXYU4zboGuq5ZunkrXRB"
"Come mi pare","Niccolò Fabi","Il padrone della festa","Brani Preferiti Pubblici","Playlist","ITB001400356","6mB35zXjXWU3pr79YQnWWx"
"Word Of Mouth","Mike + The Mechanics","Word of Mouth","Brani Preferiti Pubblici","Playlist","GBAAA9100010","5CMVFeYw1PXtd3QcjKBFVh"
"Holding Out for a Hero - From ""Footloose"" Soundtrack","Bonnie Tyler","Secret Dreams and Forbidden Fire","Brani Preferiti Pubblici","Playlist","USSM18300449","5Hyr47BBGpvOfcykSCcaw9"
"ALARM (Autodistruzione)","Drimer","Crashtest","Brani Preferiti Pubblici","Playlist","ITRWL2000078","6UWOrS9D7RGvi5uz9TJkDQ"
"Jason","IN6N","Jason","Brani Preferiti Pubblici","Playlist","ITDF62177054","3KYqflBrZRoGg7ImtLl7sh"
"Social Boom","IN6N","(Black Parade)","Brani Preferiti Pubblici","Playlist","QZHN61941441","2aoCR13J9oCF8ugop9IMKq"
"Fronte Nichilista Italiano","Ozone Dehumanizer","Fronte Nichilista Italiano","Brani Preferiti Pubblici","Playlist","QZDA62095128","5khyIFo1f0TXxjIVbanGvA"
"FEED THE FIRE","coldrain","FATELESS","Brani Preferiti Pubblici","Playlist","JPWP01771601","0CHZjALtuGGST7sOEqofJM"
"Devil's Proof","DEVILOOF","Devil's Proof","Brani Preferiti Pubblici","Playlist","TCJPP2120692","4bvTKxAL6E1rbYl0De83wE"
"Dance For Me Wallis","Abel Korzeniowski","W.E. - Music From The Motion Picture","Brani Preferiti Pubblici","Playlist","USUM71200032","1vWtTis3VRkkUp8qST4jY5"
"Eternity and a Day: III. Eternity Theme","Eleni Karaindrou","Eternity and a Day","Brani Preferiti Pubblici","Playlist","DEB339869203","2rKV2nJ3FJwo2sM3tRld0e"
"Foule sentimentale","Chilly Gonzales","Souchon dans l'air (Vol. 1)","Brani Preferiti Pubblici","Playlist","FRUM71700614","5kRRlhhVENLTS6REohSfvE"
"Le Jour d'avant","Yann Tiersen","L'absente","Brani Preferiti Pubblici","Playlist","FRS940000121","7M9z1kHWkllvXSgYKg8MLL"
"All Star","Smash Mouth","All Star Smash Hits","Brani Preferiti Pubblici","Playlist","USIR19902220","19fm0eNKTeg1JbHCHwPhLe"
"Diamond Eyes (Boom-Lay Boom-Lay Boom)","Shinedown","The Sound of Madness","Brani Preferiti Pubblici","Playlist","USAT21001134","1PLMK1ui86iHHG3FM1N7ue"
"False Pretense","The Red Jumpsuit Apparatus","Don't You Fake It","Brani Preferiti Pubblici","Playlist","USVI20600149","2ZICF8SFI5tHttaLJKMY1X"
"One Of A Kind","Breaking Point","Coming Of Age","Brani Preferiti Pubblici","Playlist","USWU30106411","1eCcqCDoZX5Xs4VGTbbk3n"
"America","Deuce","Nine Lives","Brani Preferiti Pubblici","Playlist","USDPK1105003","5Mr8DEmrUjj11PBmIlNm9g"
"Cryin' Like A Bitch!!","Godsmack","The Oracle (Deluxe Edition)","Brani Preferiti Pubblici","Playlist","USUM71004193","4a9i7rCLfPjbS1sNamZeQN"
"Kamaz","DJ Blyatman","Vodka No Limit","Brani Preferiti Pubblici","Playlist","QZDA52090712","5ndylO3VZAhTRIARJFD0a5"
"No Giving Up","Crossfade","Crossfade","Brani Preferiti Pubblici","Playlist","USSM10400178","7M7VUNhN51Fjsu58dLv0EY"
"Unbreakable","Fireflight","Unbreakable","Brani Preferiti Pubblici","Playlist","USA5W0700349","6M9vEm3Cy3PHr3QkXRX6x3"
"Abyss Watchers (from Dark Souls 3)","Geoffplaysguitar","Abyss Watchers (from Dark Souls 3)","Brani Preferiti Pubblici","Playlist","QZTAU2102461","5Jk1j55dBmeB0BAW0RNdJB"
"I Stand Alone","Godsmack","Faceless","Brani Preferiti Pubblici","Playlist","USUR10111257","6eYUbXmncekAKMYZcsSkyD"
"Duality","Slipknot","Vol. 3: The Subliminal Verses","Brani Preferiti Pubblici","Playlist","NLA320420785","61mWefnWQOLf90gepjOCb3"
"Hungry","Rob Bailey & The Hustle Standard","Battle Tested","Brani Preferiti Pubblici","Playlist","TCABF1276485","6fd3mZrsVbe7N6whWrlZYv"
"Painkiller","Three Days Grace","Human","Brani Preferiti Pubblici","Playlist","USRC11400506","6OMO6WdRhSfjMPAiPT94wH"
"White Rabbit","Egypt Central","White Rabbit","Brani Preferiti Pubblici","Playlist","US2D61120001","4QhSscYz3TPLEwD6lMezvG"
"Headstrong","Trapt","Trapt","Brani Preferiti Pubblici","Playlist","USWB10201991","1AEYT6VxrxXPMoQUxsY0E4"
"Invincible","Adelitas Way","Adelitas Way","Brani Preferiti Pubblici","Playlist","USVI20900185","4FthwGFz9SVZgCVqxNXsSK"
"Burn It to the Ground","Nickelback","Dark Horse","Brani Preferiti Pubblici","Playlist","NLA320888014","1jq28NGw6wdtFKx8MBPy6C"
"In The End","Black Veil Brides","Wretched And Divine: The Story Of The Wild Ones","Brani Preferiti Pubblici","Playlist","USUM71212602","1RTYixE1DD3g3upEpmCJpa"
"Let It Burn","Red","Until We Have Faces","Brani Preferiti Pubblici","Playlist","USA5W1000723","6FlCPO7Z0QGgwtIL8ocZzY"
"Phenomenon","Thousand Foot Krutch","Phenomenon","Brani Preferiti Pubblici","Playlist","USTN10320428","3b6uenXXbpCRxXyzFzWi3J"
"Murder Melody","Cult To Follow","The Inception","Brani Preferiti Pubblici","Playlist","TCADK1722876","4D5IIRfvdLYyxhAwfUDP8B"
"Courtesy Call","Thousand Foot Krutch","The End Is Where We Begin","Brani Preferiti Pubblici","Playlist","TCABF1202218","0AOmbw8AwDnwXhHC3OhdVB"
"No Plan B","Manafest","Avalanche - No Plan B EP","Brani Preferiti Pubblici","Playlist","USTCG1088996","0U2Lb5cOaUJ6tBl8oQTZhV"
"Paralyzer","Finger Eleven","Them Vs. You Vs. Me (Deluxe Edition)","Brani Preferiti Pubblici","Playlist","USWU30700001","28IEbk5a7twNTbUEvWslUb"
"Rise","State of Mine","Devil in Disguise","Brani Preferiti Pubblici","Playlist","TCACQ1688047","5f92OpAQ0TenbweMyWR3Fb"
"We Are One","12 Stones","The Only Easy Day Was Yesterday","Brani Preferiti Pubblici","Playlist","USWU31000059","4lhqal0Hq63U2wETCeBdG1"
"Make A Move","Icon For Hire","Scripted","Brani Preferiti Pubblici","Playlist","USTN11100083","0FtD1ZukwCnuTfTNuwxrQM"
"Tears Don't Fall","Bullet For My Valentine","The Poison","Brani Preferiti Pubblici","Playlist","GBHQD0500017","5pKCDm2fw4k6D6C5Rk646C"
"One Step Closer","Linkin Park","Hybrid Theory (Bonus Edition)","Brani Preferiti Pubblici","Playlist","USWB10002399","3K4HG9evC7dg3N0R9cYqk4"
"Hell Yeah","Rev Theory","Light It Up","Brani Preferiti Pubblici","Playlist","USUM70811029","2qABxQZhfAthNxszLiSsUw"
"Living In A Dream","Finger Eleven","Life Turns Electric (BonusTrack Version)","Brani Preferiti Pubblici","Playlist","USWU31000099","2HaUEu0wAO5AOT0UB3i0LO"
"Non Prendo Sonno","Aamon","Genesi","Brani Preferiti Pubblici","Playlist","QM7281934689","6HAsPG9De9VcUEFHVpDWt9"
"Jeeg Robot","Ozymandias","Addicted","Brani Preferiti Pubblici","Playlist","QZ4JJ1802158","1DqoYgdGp0vCsQvrxfQPCP"
"Top boy","Zuno","Top boy","Brani Preferiti Pubblici","Playlist","ITUD51900027","3JpESM1PsTqq5p40tTgle2"
"Butterfly Knife","Sethu","Butterfly Knife","Brani Preferiti Pubblici","Playlist","TCAEH1993299","7IaPJQmOKj8XszlYwRHybI"
"Full Metal Clout","NEO13","Full Metal Clout","Brani Preferiti Pubblici","Playlist","TCAEZ2020412","5WUOfiKiKD2YI0JRYpx3g9"
"Sono sopra una puttana","SlumpthinIdle","Sono sopra una puttana","Brani Preferiti Pubblici","Playlist","ITO951900079","1IAIhczyX2fY9DascXLp2x"
"Space Jam","Jordan","Jumpman","Brani Preferiti Pubblici","Playlist","FR26V2065673","1gtz4eIrhEqivOZuvyPUzG"
"Giovan8 Goth","SlumpthinIdle","Giovan8 Goth","Brani Preferiti Pubblici","Playlist","QZES81953142","1g99xywknDV5NS0RB9DZYK"
"Diventa quello che sei","Mezzosangue","Soul of a Supertramp","Brani Preferiti Pubblici","Playlist","TCACN1635320","4YyuP86dGuroS5FeyhXJqK"
"Figlio mio","Garage Gang","Boomer Remover","Brani Preferiti Pubblici","Playlist","QM6P42020369","2zKUKmgNZtjqpI3cjxpuOf"
"Armageddon","IN6N","(Black Parade)","Brani Preferiti Pubblici","Playlist","QZHN61941447","2ABpvz4JiK3qxZ7eZVDNKK"
"HO PICCHIATO UN CREEPER X SENTIRE QUALCOSA","(DANZƏ)","(DANZƏ)","Brani Preferiti Pubblici","Playlist","IT2J82100013","6rshxTRy5cOuYY7wPsSNTe"
"Shinigami","IN6N","Shinigami","Brani Preferiti Pubblici","Playlist","TCADX1893674","6Mhll0D07AaqOX4qOY5n4W"
"Padre Pio Gang","pupis","Homo Transcensum","Brani Preferiti Pubblici","Playlist","QZFZ52078387","2z28o1I44a728aDpxrwK5C"
"Blue Bandana","Skinny","Blue Bandana","Brani Preferiti Pubblici","Playlist","CH6542071047","55Soh2lcLeN0ysLou2P7XP"
"Suv","Trap God","Street Cinemv","Brani Preferiti Pubblici","Playlist","TCAEY2082372","0ksXGarWAGdxLQBXrFj5WU"
"FIGHT! (feat. Nayt)","Il Tre","ALI","Brani Preferiti Pubblici","Playlist","ITQ002000049","7gsP23n0EL6P8G2mwT7EyL"
"#THOTMILANODM","Radical","TRASHBIN, Vol. 3","Brani Preferiti Pubblici","Playlist","NLRD52010014","4wz9be3iTHln8swogVIAwR"
"Time in a Bottle","Jim Croce","You Don't Mess Around With Jim","Brani Preferiti Pubblici","Playlist","GBAJE7200780","561F1zqRwGPCTMRsLsXVtL"
"Sink the Bismark","Johnny Horton","American Originals","Brani Preferiti Pubblici","Playlist","USSM10010120","3ncplTQUYBcxi2cCTiqvKC"
"Take Me Home, Country Roads","John Denver","The Essential John Denver","Brani Preferiti Pubblici","Playlist","USRC11100481","13HaPtzk6OEREfoWcGY8xu"
"Hated You from Hello","Downplay","Radiocalypse","Brani Preferiti Pubblici","Playlist","TCABG1272526","0D1ExGkm9m5QXklubnFZXp"
"How You Remind Me","Nickelback","Silver Side Up","Brani Preferiti Pubblici","Playlist","NLA320119533","0gmbgwZ8iqyMPmXefof8Yf"
"Through It All","Spoken","Illusion","Brani Preferiti Pubblici","Playlist","US5ED1200126","3nB5TJEl7taRMwlaoHiOry"
"Death Grip","Watt White","Death Grip","Brani Preferiti Pubblici","Playlist","SE5BU1932730","2fZFQe9qyQx1AX7tZ3Uztl"
"Living a Lie","Varna","Living a Lie","Brani Preferiti Pubblici","Playlist","TCACQ1650614","583EQwW7LlKbtK8rQQ1Gco"
"Breath","Breaking Benjamin","Phobia (Clean Version)","Brani Preferiti Pubblici","Playlist","USHR10622219","4JXfNOePhdgMOI7KZ1L25U"
"Stereo","Blockheads","Stereo","Brani Preferiti Pubblici","Playlist","TCABO1305526","6hwwXWNzkmujyz2pDUEMbz"
"War of Change","Thousand Foot Krutch","The End Is Where We Begin","Brani Preferiti Pubblici","Playlist","TCABF1202219","1qUHD9oPIMFHKpR12NY2KC"
"Lion","Hollywood Undead","Notes From The Underground","Brani Preferiti Pubblici","Playlist","USUM71215657","79CATxWpb9uezVeOIazKgs"
"Hail to the King","Avenged Sevenfold","Hail to the King","Brani Preferiti Pubblici","Playlist","USWB11302191","5anCkDvJ17aznvK5TED5uo"
"Sarcasm","Get Scared","Best Kind Of Mess","Brani Preferiti Pubblici","Playlist","USUM71021465","40i81AcCCxiVEFUWElcjZC"
"Forget About Me","Escape the Fate","Ungrateful (Deluxe)","Brani Preferiti Pubblici","Playlist","USDPK1309004","2speJWu6QDY1XGPkpRNrIq"
"Spoiler - Original Mix","Hyper","Lies","Brani Preferiti Pubblici","Playlist","CA5KR1042797","3BcEpBfEx2mOyCSJWIHSvu"
"Lose My Life","Papercut Massacre","If These Scars Could Talk","Brani Preferiti Pubblici","Playlist","USWU30900061","2J6qr3pC10jeEg7dSN9YHG"
"Still Counting","Volbeat","Guitar Gangsters & Cadillac Blood","Brani Preferiti Pubblici","Playlist","NLB930800317","1znGxpojJSjxZZEWA5zWva"
"Riot","Three Days Grace","One-X","Brani Preferiti Pubblici","Playlist","USJI10600162","5eALoO9RRACvoxvLKF9zt4"
"Asking for It","Shinedown","Threat to Survival","Brani Preferiti Pubblici","Playlist","USAT21502572","3Tp7y0bLogDQsIO5tTTOH4"
"In the Shadows","The Rasmus","Dead Letters","Brani Preferiti Pubblici","Playlist","SEVJH0201601","1fr92Vupmcs2vgLMFVQ7rd"
"Opening Wounds","Miss May I","At Heart","Brani Preferiti Pubblici","Playlist","USEK71215903","2BcIDjAvkmvubPg7vlFXOF"
"Step Up","Drowning Pool","Desensitized","Brani Preferiti Pubblici","Playlist","USWU30400000","4Q1w4Ryyi8KNxxaFlOQClK"
"The Pride","Five Finger Death Punch","American Capitalist","Brani Preferiti Pubblici","Playlist","US5Z50900085","5np6NzXvagQ0O8heLgOVPh"
"Pain","Three Days Grace","One-X","Brani Preferiti Pubblici","Playlist","USJI10600159","33daQo3S8j2NcJstEHXwhQ"
"Break the Madness","CIRRUS","Back on a Mission","Brani Preferiti Pubblici","Playlist","USQY51024602","07NJQtg69WVbBEUzDxM6vV"
"Whispers in the Dark","Skillet","Comatose","Brani Preferiti Pubblici","Playlist","USAT20619190","6rSuL1ViLO7Aljn2WD09s4"
"Stay This Way","From Ashes to New","From Ashes to New","Brani Preferiti Pubblici","Playlist","usx9p1337781","1aGZAitGPKHH2omwTZJRRT"
"My Funeral","Dope","No Regrets","Brani Preferiti Pubblici","Playlist","USKO10900156","6JEgyvjdGb4CYzcCh6fssP"
"You Spin Me Round (Like A Record)","Dope","Felons and Revolutionaries","Brani Preferiti Pubblici","Playlist","USSM10008762","0Hxty2K8F2DrrCXQyQVpBo"
"Tell Me Why (Berserk Opening Theme)","Coded Channel","Remember the Themes - Manga, Anime and Other Cartoon Themes Reloaded, Vol. 2","Brani Preferiti Pubblici","Playlist","GBRBE0798009","7F3LGzXjPcdwDBgqtdOAlA"
"The Worst In Me","Bad Omens","Bad Omens","Brani Preferiti Pubblici","Playlist","USYFZ1566203","2HsYjR4rBa38aePVMWL3zb"
"Zombie","The Cranberries","No Need To Argue (The Complete Sessions 1994-1995)","Brani Preferiti Pubblici","Playlist","USIR29400443","7EZC6E7UjZe63f1jRmkWxt"
"My Favourite Game","The Cardigans","Gran Turismo (Remastered)","Brani Preferiti Pubblici","Playlist","SEBKB9802010","0Ui05Ov0s4PnRc4JI3Pilg"
"Beds Are Burning - Remastered","Midnight Oil","Diesel And Dust","Brani Preferiti Pubblici","Playlist","AUBM00700707","1CtAzw53AIXKjAemxy4b1j"
"Personal Jesus - Single Version","Depeche Mode","The Singles 86-98","Brani Preferiti Pubblici","Playlist","GBAJH9800145","4UCTgh5jvtqoaMX6MAhUNn"
"Disco 2000","Pulp","Different Class","Brani Preferiti Pubblici","Playlist","GBAAN9500145","2aC8wwfrM0YeTAzzk8hxqC"
"Epic","Faith No More","The Real Thing","Brani Preferiti Pubblici","Playlist","GBANC8900003","4ReyTz0y3TGkX48wO3Llot"
"Everybody Hurts","R.E.M.","Automatic For The People","Brani Preferiti Pubblici","Playlist","USWB19901548","6PypGyiu0Y2lCDBN1XZEnP"
"Enjoy the Silence","Depeche Mode","Violator (Deluxe)","Brani Preferiti Pubblici","Playlist","GBAJH0600292","1JekRMGQ8iN4G1AAdh0SBa"
"It's The End Of The World As We Know It (And I Feel Fine)","R.E.M.","Document (R.E.M. No. 5)","Brani Preferiti Pubblici","Playlist","USIR38700037","2oSpQ7QtIKTNFfA08Cy0ku"
"Song 2 - 2012 Remaster","Blur","Blur (Special Edition)","Brani Preferiti Pubblici","Playlist","GBAYE1200348","1FTSo4v6BOZH9QxKc3MbVM"
"Unbelievable","EMF","Schubert Dip","Brani Preferiti Pubblici","Playlist","GBAYE9000089","5VYTKiOnHw4iTrB9pG3yum"
"Losing My Religion","R.E.M.","Out Of Time (25th Anniversary Edition)","Brani Preferiti Pubblici","Playlist","USC4R1605373","31AOj9sFz2gM0O3hMARRBx"
"Dixie's Land","2nd South Carolina String Band","Southern Soldier","Brani Preferiti Pubblici","Playlist","ushm20308896","4FYOAtDIyn2HGltOxHlfsU"
"Il suono del male","Metal Carter","Vendetta privata","Brani Preferiti Pubblici","Playlist","ITDF61703033","1QCOaG0L48et6vI0AngX98"
"Any Way You Want It","Journey","Departure","Brani Preferiti Pubblici","Playlist","USSM18100114","71SvEDmsOwIWw1IozsZoMA"
"Don't Stop Believin'","Journey","Escape (Bonus Track Version)","Brani Preferiti Pubblici","Playlist","USSM18100116","4bHsxqR3GMrXTxEPLuK5ue"
"Burning Heart - From ""Rocky IV"" Soundtrack","Survivor","Rocky IV","Brani Preferiti Pubblici","Playlist","USVR19300003","2avaSeKHI5l4sLruVfLdi2"
"Chokkaku (Final Getsuga Tenshou Theme) - From ""Bleach""","Gabriele Motta","Chokkaku (Final Getsuga Tenshou Theme) [From ""Bleach""]","Brani Preferiti Pubblici","Playlist","FRS182069893","73PW8Nb1ZUFFaVCU3453Mm"
"The Only Thing They Fear Is You","FamilyJules","The Only Thing They Fear Is You","Brani Preferiti Pubblici","Playlist","QZES52093280","7AYSl3u70hJ402o0u0gry5"
"At Doom's Gate","Mick Gordon","Doom (Original Game Soundtrack)","Brani Preferiti Pubblici","Playlist","QMTH31600018","2UKgx2oba7CltHLACr3xdT"
"Berserk","S3RL","Berserk","Brani Preferiti Pubblici","Playlist","AU8N01100102","4OqkZC8lvPnVayma2QvRBW"
"My Brother - From ""Berserk""","Gabriele Motta","My Brother (From ""Berserk"")","Brani Preferiti Pubblici","Playlist","FR59R2194941","6kYsVSUPGGOqXVPO5j5cuu"
"Rhodesians Never die","FBIV","Fbiv","Brani Preferiti Pubblici","Playlist","QZFYW2147479","6C8NTTMHOUSSg33iqwPTin"
"Deutschland","Alan Aztec","Deutschland","Brani Preferiti Pubblici","Playlist","QZHN51989592","71jo10q1M4LBrEMBonEvms"
"Little Dark Age","MGMT","Little Dark Age","Brani Preferiti Pubblici","Playlist","USSM11707035","2Y0iGXY6m6immVb2ktbseM"
"Angelina Jolie","Bresh","Angelina Jolie","Brani Preferiti Pubblici","Playlist","ITB002100150","0tD4EXZRm1JGDYWtKYFLWK"
"Frontline","Pillar","Where Do We Go From Here","Brani Preferiti Pubblici","Playlist","USFLK0400173","39sN48Q2DIbyVK8i8kkqgF"
"Animal I Have Become","Three Days Grace","One-X","Brani Preferiti Pubblici","Playlist","USJI10600117","5eFxwmqKrHpSQDOEIFYlgY"
"Dark Side","Blind Channel","Dark Side","Brani Preferiti Pubblici","Playlist","FIRAN2100001","1Z1BSrmGhjw4FVEtySGI54"
"You Better Die Young","Nomy","Song Or Suicide","Brani Preferiti Pubblici","Playlist","SEYOK0902510","62LUAnpbhnJjTW7BTVVw1L"
"Indestructible","Solence","Indestructible","Brani Preferiti Pubblici","Playlist","QZHZ42162529","6BYZGyIwoHBy8i4zcS2ABM"
"Indestructible","Disturbed","Indestructible (Deluxe Edition)","Brani Preferiti Pubblici","Playlist","USRE10800127","42ZVk59gT4tMlrZmd8Ijxf"
"Cool Kids","Fight The Fade","Cool Kids","Brani Preferiti Pubblici","Playlist","TCACB1447199","59ljvXUMjvxNRc4USjEJTf"
"Impossible","I Am King","Impossible","Brani Preferiti Pubblici","Playlist","TCADN1823329","0aJglfKKlSuhwws0EU6Q5v"
"Melancholia","Venz","CP2 MIXTAPE","Brani Preferiti Pubblici","Playlist","QZNWY2065938","5qX49Lo9FhAKLlRqqvWTJK"
"Basta Così","Venz","Limbo","Brani Preferiti Pubblici","Playlist","QZHNB2007154","08OgEuIDaeFBvx5et5CGMT"
"Open Your Eyes","Disturbed","Immortalized (Deluxe Edition)","Brani Preferiti Pubblici","Playlist","USRE11500173","4YDdWcdzHhLDZ5d1j9nRaJ"
"La Scelta","Caparezza","La Scelta","Brani Preferiti Pubblici","Playlist","ITUM72100159","0UFpPgXFcdJAoMlquv63Fh"
"Break","Three Days Grace","Life Starts Now","Brani Preferiti Pubblici","Playlist","USJI10900480","4urxRqBRiaH0i20OKBsgxc"
"Die MF Die","Dope","Life","Brani Preferiti Pubblici","Playlist","USSM10105959","5bU4KX47KqtDKKaLM4QCzh"
"Down with the Sickness","Disturbed","The Sickness","Brani Preferiti Pubblici","Playlist","USGI19900180","40rvBMQizxkIqnjPdEWY1v"
"Take A Look Around","Limp Bizkit","Chocolate Starfish And The Hot Dog Flavored Water","Brani Preferiti Pubblici","Playlist","USIR10000604","2avKuMN2QXkaG9vvHa2JLt"
"It's My Life","Bon Jovi","Crush","Brani Preferiti Pubblici","Playlist","USIR20000145","0v1XpBHnsbkCn7iJ9Ucr1l"
"Behind Blue Eyes","Limp Bizkit","Results May Vary","Brani Preferiti Pubblici","Playlist","USIR10312186","1MTQHCpraD4S8g5PAFKzoj"
"Rollin' (Air Raid Vehicle)","Limp Bizkit","Chocolate Starfish And The Hot Dog Flavored Water","Brani Preferiti Pubblici","Playlist","USIR10001170","3IV4swNduIRunHREK80owz"
"Learn to Fly","Foo Fighters","There Is Nothing Left To Lose","Brani Preferiti Pubblici","Playlist","USRW39900002","5OQsiBsky2k2kDKy2bX2eT"
"The Pretender","Foo Fighters","Echoes, Silence, Patience & Grace","Brani Preferiti Pubblici","Playlist","USRW30700007","7x8dCjCr0x6x2lXKujYD34"
"Break Stuff","Limp Bizkit","Significant Other","Brani Preferiti Pubblici","Playlist","USIR19902309","5cZqsjVs6MevCnAkasbEOX"
"Californication","Red Hot Chili Peppers","Californication (Deluxe Edition)","Brani Preferiti Pubblici","Playlist","USWB19900690","48UPSzbZjgc449aqz8bxox"
"All The Small Things","blink-182","Enema Of The State","Brani Preferiti Pubblici","Playlist","USMC19959123","2m1hi0nfMR9vdGC8UcrnwU"
"Slaughter","Metal Carter","Dimensione violenza","Brani Preferiti Pubblici","Playlist","ITI021400150","2VESmLCEe2bVsRgzDrvoTT"
"Fearless Pt. II","Lost Sky","Fearless Pt. II","Brani Preferiti Pubblici","Playlist","GB2LD1700381","4VZH6OfxPy1nNE7KbtVKyK"
"Blood // Water","grandson","Blood // Water","Brani Preferiti Pubblici","Playlist","TCADI1720999","0AUyNF6iFxMNQsNx2nhtrw"
"North Memphis","Pharmacist","North Memphis","Brani Preferiti Pubblici","Playlist","QZHNC1902102","0SzDVyiiUDpuhzrphnoejr"
"LED","OmenXIII","Corrupted","Brani Preferiti Pubblici","Playlist","QZARB1867455","0s1MIn7UaPbAfq85CnKVl6"
"Frank's Choice","Tyler Bates","The Punisher (Original Soundtrack)","Brani Preferiti Pubblici","Playlist","USHR11738236","0I794wn3wgcvruEUsfztnl"
"Driver Forever - Remix","Adriian","Driver Forever (Remix)","Brani Preferiti Pubblici","Playlist","QZHZ62167373","4lzjmT9jbhGSZwfMMOQDzL"
"The bond of friendship","Kenichiro Suehiro","TV Animation ”Fire Force” Original Soundtrack","Brani Preferiti Pubblici","Playlist","JPW741900085","6AbuUJBaeCVXZRWiDQtxKR"
"Benimaru Detonation","Kenichiro Suehiro","TV Animation ”Fire Force” Original Soundtrack 2","Brani Preferiti Pubblici","Playlist","JPW742100107","24D0tsftHJ1ioXaUn2fry7"
"Devil's Beat","Kenichiro Suehiro","TV Animation ”Fire Force” Original Soundtrack","Brani Preferiti Pubblici","Playlist","JPW741900071","3J0XgU6VVQRWosO7NJuWZ0"
"In Bloom","Nirvana","Nevermind (Deluxe Edition)","Brani Preferiti Pubblici","Playlist","USGF19942502","0eeEzvw5Etwv6tyz2PyE6L"
"The Man Who Sold The World - Live","Nirvana","MTV Unplugged In New York","Brani Preferiti Pubblici","Playlist","USGF19972704","15VRO9CQwMpbqUYA7e6Hwg"
"Something In The Way","Nirvana","Nevermind (Deluxe Edition)","Brani Preferiti Pubblici","Playlist","USGF19942512","16LgXyNShQbrqBRF4TT1Sr"
"Dumb","Nirvana","In Utero","Brani Preferiti Pubblici","Playlist","USGF19960706","5gRcv46AMTrosmTOqrOV3Q"
"Heart-Shaped Box","Nirvana","In Utero","Brani Preferiti Pubblici","Playlist","USGF19960703","66w5OYw2ja8lnmaA3Ns0PU"
"Endless, Nameless","Nirvana","Nevermind (Remastered)","Brani Preferiti Pubblici","Playlist","USGF19942513","5KV9bNW1Ta4Z4PdHgu84TA"
"Lithium","Nirvana","Nevermind (Deluxe Edition)","Brani Preferiti Pubblici","Playlist","USGF19942505","26D1PRJjD9Jj1JGRk88KVc"
"Polly","Nirvana","Nevermind (Deluxe Edition)","Brani Preferiti Pubblici","Playlist","USGF19942506","5OA6V14rCVeSplYvf8T18L"
"U Can't Touch This","MC Hammer","Please Hammer Don't Hurt 'Em","Brani Preferiti Pubblici","Playlist","USCA29000294","1B75hgRqe7A4fwee3g3Wmu"
"Jump Around","House Of Pain","House of Pain (Fine Malt Lyrics)","Brani Preferiti Pubblici","Playlist","USTB10300119","3TZwjdclvWt7iPJUnMpgcs"
"In Da Club","50 Cent","Get Rich Or Die Tryin'","Brani Preferiti Pubblici","Playlist","USIR10300033","7iL6o9tox1zgHpKUfh9vuC"
"Sabotage","Beastie Boys","Ill Communication","Brani Preferiti Pubblici","Playlist","USCA29400020","0Puj4YlTm6xNzDDADXHMI9"
"Sound of da Police","KRS-One","Return of the Boom Bap","Brani Preferiti Pubblici","Playlist","GBAHK9300100","3Y6XWs8xMlCngyIxNOFnsp"
"California Love - Original Version","2Pac","Greatest Hits","Brani Preferiti Pubblici","Playlist","USUG10702628","3ia3dJETSOllPsv3LJkE35"
"Candy Shop","50 Cent","The Massacre","Brani Preferiti Pubblici","Playlist","USIR10500072","5D2mYZuzcgjpchVY1pmTPh"
"Still D.R.E.","Dr. Dre","2001","Brani Preferiti Pubblici","Playlist","USIR19905031","503OTo2dSqe7qk76rgsbep"
"X Gon' Give It To Ya - Int'l Bonus track","DMX","Grand Champ","Brani Preferiti Pubblici","Playlist","USDJ20201346","66orjI5vOkyxOZLHWrPklh"
"Gangsta's Paradise","Coolio","Gangsta's Paradise","Brani Preferiti Pubblici","Playlist","USTB10400128","7lQWRAjyhTpCWFC0jmclT4"
"Soul Addiction","Sylar","Help!","Brani Preferiti Pubblici","Playlist","USHR21610702","2rndJFlCviXXiJNzvO611d"
"Run Rabbit Run","Black Map","Run Rabbit Run","Brani Preferiti Pubblici","Playlist","USKO11602084","6367295uC374SiuohHjWKZ"
"Dragula","Rob Zombie","Best Of/20th Century","Brani Preferiti Pubblici","Playlist","USGF19821203","4JaJuGSfhcA7kavdgS3yn6"
"Paranoia","A Day To Remember","Paranoia","Brani Preferiti Pubblici","Playlist","USEP41609001","7gYL9E5WN7Nd8l2ZQ1rkKI"
"Walk","Pantera","Vulgar Display of Power","Brani Preferiti Pubblici","Playlist","USEE10170088","7fcfNW0XxTWlwVlftzfDOR"
"That Day","Nonpoint","Nonpoint","Brani Preferiti Pubblici","Playlist","USRZR1233408","2iENCWE4DYyyAh9hXrxIb1"
"Mayhem","Halestorm","Into the Wild Life (Deluxe)","Brani Preferiti Pubblici","Playlist","USAT21405461","6ubqrTIJwspBSqx8XQHN2K"
"Boom - 2006 Remaster","P.O.D.","Greatest Hits (The Atlantic Years)","Brani Preferiti Pubblici","Playlist","USAT20621523","3EKjTDAEIdyQqsA9qtb5P2"
"Never Again","Breaking Benjamin","Dark Before Dawn","Brani Preferiti Pubblici","Playlist","USHR11536298","07huQEWGQAe7aJaeR08Cag"
"Break Stuff","Limp Bizkit","Greatest Hitz","Brani Preferiti Pubblici","Playlist","USIR19902309","2YC6ET3q1F29B0V7UcPV70"
"Hated","Beartooth","Hated","Brani Preferiti Pubblici","Playlist","USP6L1500109","5N0ToFp1DWQnG3EX24TNPs"
"Back from the Dead","Skillet","Unleashed","Brani Preferiti Pubblici","Playlist","USAT21601592","7y9l4rJLsXQMHciCNSgZmi"
"MAYDAY (feat. Ryo from Crystal Lake)","coldrain","THE SIDE EFFECTS","Brani Preferiti Pubblici","Playlist","JPWP01970418","2wJJNgD6GrKoQ435VxTRv6"
"Seal The Deal","Volbeat","Seal The Deal","Brani Preferiti Pubblici","Playlist","DKNE11600110","2ANbpcjTZsKzby7CjvPz9s"
"Inside the Fire","Disturbed","The Studio Album Collection","Brani Preferiti Pubblici","Playlist","USRE10800074","2nmL3Tb25nvkUnwjwmL0Sq"
"I Don’t Want To Be Here Anymore","Rise Against","The Black Market","Brani Preferiti Pubblici","Playlist","USUM71406478","6qtg4gz3DhqOHL5BHtSQw8"
"Is There Anybody out There?","Machine Head","Is There Anybody out There?","Brani Preferiti Pubblici","Playlist","DED831600344","1mdYwH2ZMi3eMfWmeQJj4D"
"Notorious","Adelitas Way","Notorious","Brani Preferiti Pubblici","Playlist","QMF921750106","5PZo9NMyNLxOlpEFoYo611"
"I Am Machine","Three Days Grace","Human","Brani Preferiti Pubblici","Playlist","USRC11402105","2UDumaw7osnyjH7RZ2DLpB"
"In Between","Beartooth","Disgusting","Brani Preferiti Pubblici","Playlist","USP6L1400182","03jdl5GTBhKsgB1Yw8mVPh"
"Falling Apart","Papa Roach","F.E.A.R.","Brani Preferiti Pubblici","Playlist","USDPK1400253","1Ka4sX789wNftDGgjCO2h7"
"Do You Really Want It","NOTHING MORE","The Stories We Tell Ourselves","Brani Preferiti Pubblici","Playlist","USDPK1700103","48gS3f9HDsXtlMBVdwvC2Z"
"Trial By Fire","Saul","Trial By Fire","Brani Preferiti Pubblici","Playlist","GBUM71905545","6UsNqIqCC9WIDdg9Xxxv84"
"Born For Greatness","Papa Roach","Born For Greatness","Brani Preferiti Pubblici","Playlist","USDPK1700004","2VDdoBA24QICNHn5JkJwyE"
"The Time Is Now","Atreyu","The Time Is Now","Brani Preferiti Pubblici","Playlist","GBUM71803382","6wpHmxmxPa3N3Gi3aGdTJL"
"Killing Me Slowly","Bad Wolves","Killing Me Slowly","Brani Preferiti Pubblici","Playlist","USDPK1900058","6E5gsJm3t0RqmiHBfUBaya"
"Feel Invincible","Skillet","Feel Invincible","Brani Preferiti Pubblici","Playlist","USAT21601370","2r4DozzHauSjM6NJ7szgVC"
"Been A Son","Nirvana","Incesticide","Brani Preferiti Pubblici","Playlist","USGF19950404","4V7UY9lITfAcSQRIyXOwez"
"Aneurysm","Nirvana","Incesticide","Brani Preferiti Pubblici","Playlist","USGF19950415","0Pie5DFAHHxpkONFUsAI6s"
"Something In The Way","Nirvana","Nevermind (Remastered)","Brani Preferiti Pubblici","Playlist","USGF19942512","1nFtiJxYdhtFfFtfXBv06s"
"Heart-Shaped Box","Nirvana","In Utero (Deluxe Edition)","Brani Preferiti Pubblici","Playlist","USGF19960703","11LmqTE2naFULdEP94AUBa"
"Come As You Are","Nirvana","Nevermind (Deluxe Edition)","Brani Preferiti Pubblici","Playlist","USGF19942503","0MKGH8UMfCnq5w7nG06oM5"
"Smells Like Teen Spirit","Nirvana","Nevermind (Deluxe Edition)","Brani Preferiti Pubblici","Playlist","USGF19942501","1f3yAtsJtY87CTmM8RLnxf"
"Meltdown","Nomy","Meltdown","Brani Preferiti Pubblici","Playlist","SEYOK2044875","4dygpyJlyJuYzceP5NDqEq"
"Remedy","Seether","Karma and Effect","Brani Preferiti Pubblici","Playlist","USWU30500016","5ynxx6zC4dgzsMHLYQ04Dc"
"Coming Undone","Korn","See You On the Other Side","Brani Preferiti Pubblici","Playlist","USVI20500588","6p2liQLGoDaLXgND68bfVt"
"Killing Time","Doom Unit","Cross The Line","Brani Preferiti Pubblici","Playlist","FIHYP0900047","0GMymbP7AQkxEt5nq20BfZ"
"Take A Look Around","Limp Bizkit","Chocolate Starfish And The Hot Dog Flavored Water","Brani Preferiti Pubblici","Playlist","USIR10000604","2xI7o9zYcqynmueNH4foku"
"Bodies","Drowning Pool","Sinner","Brani Preferiti Pubblici","Playlist","USWU30006502","7CpbhqKUedOIrcvc94p60Y"
"Rollin' (Air Raid Vehicle)","Limp Bizkit","Greatest Hitz","Brani Preferiti Pubblici","Playlist","USIR10001170","65LTO4ikfU6zu3ZQYToNdk"
"You're Going Down","SICK PUPPIES","Tri-Polar (International Version)","Brani Preferiti Pubblici","Playlist","USVI20900226","5FQXMRDSTkn9fowDJ3kZo8"
"Seal The Deal","Volbeat","Seal The Deal","Brani Preferiti Pubblici","Playlist","DKNE11600110","67gIy3f2Kfdun5illopj4t"
"Fortunate Son","The Dead Daisies","Make Some Noise","Brani Preferiti Pubblici","Playlist","AUNKA1600006","5ppRGoTTMfQtFcmeZqwaAK"
"Drop Dead Cynical","Amaranthe","MASSIVE ADDICTIVE","Brani Preferiti Pubblici","Playlist","FIUM71400483","5VToMJACRoeT0YZNs5CYyp"
"Enter Sandman","Metallica","Metallica","Brani Preferiti Pubblici","Playlist","GBF089190013","5sICkBXVmaCQk5aISGR3x1"
"Animal","Shining","Animal","Brani Preferiti Pubblici","Playlist","NOPO21801020","5wVrAYHsF47zYX7ezyJaNN"
"Gunfight","SICK PUPPIES","Connect","Brani Preferiti Pubblici","Playlist","USUM71305557","0is4yL58CcQ4Gv4WgTGr9N"
"When Legends Rise","Godsmack","When Legends Rise","Brani Preferiti Pubblici","Playlist","QMRSZ1703236","4HIYFlCh5aZq0jwvsn2DoK"
"No More","Disturbed","Evolution (Deluxe Edition)","Brani Preferiti Pubblici","Playlist","USRE11800600","2xECSFHPgCyElhTVRaHVYP"
"Last Resort","Papa Roach","Infest","Brani Preferiti Pubblici","Playlist","USDW10021712","5W8YXBz9MTIDyrpYaCg2Ky"
"Bleed It Out","Linkin Park","Minutes to Midnight","Brani Preferiti Pubblici","Playlist","USWB10701213","78gsvivelCP8Kh0tSRTy8D"
"The Pretender","Foo Fighters","Greatest Hits","Brani Preferiti Pubblici","Playlist","USRW30700007","6HNruFQlzQx4ulL4ppRLYI"
"Down with the Sickness","Disturbed","The Sickness (10th Anniversary Edition)","Brani Preferiti Pubblici","Playlist","USRE10902084","4ImIJRZNJhNQLLdUFSYJoS"
"The Devil's Bleeding Crown","Volbeat","Seal The Deal & Let's Boogie (Deluxe)","Brani Preferiti Pubblici","Playlist","DKNE11600101","3TjQAc2PzWzlSDrnq61J1y"
"Itchin' to Bleed","Vision Of Disorder","From Bliss To Devestation","Brani Preferiti Pubblici","Playlist","USTV10100248","1c3msoWwsXbGlG4VFmof3E"
"Anthem Of The Lonely","Nine Lashes","World We View","Brani Preferiti Pubblici","Playlist","USTN11100068","1bKRtH1leT7y003VikaXUc"
"I Want to Live","Skillet","Unleashed","Brani Preferiti Pubblici","Playlist","USAT21601593","4Ahphc0UzRSoMpJRHgnGQK"
"Higher","Smash Into Pieces","Rise and Shine","Brani Preferiti Pubblici","Playlist","SEVWR1603001","5bgRVYqK2Bbenrg2gqtGWN"
"What I've Done","Linkin Park","Minutes to Midnight","Brani Preferiti Pubblici","Playlist","USWB10700721","4kfm1uI9QGaoN9qm6CkAMn"
"Boulevard of Broken Dreams","Green Day","Boulevard of Broken Dreams","Brani Preferiti Pubblici","Playlist","USRE10401426","1hwJKpe0BPUsq6UUrwBWTw"
"Hotel California - 2013 Remaster","Eagles","Hotel California (2013 Remaster)","Brani Preferiti Pubblici","Playlist","USEE11300353","40riOy7x9W7GXjyGp4pjAv"
"The Hunter","Adam Jensen","The Hunter","Brani Preferiti Pubblici","Playlist","TCADP1862508","1MKUcXTBVS5QP49Es4wt7M"
"E For Extinction","Thousand Foot Krutch","Welcome To The Masquerade","Brani Preferiti Pubblici","Playlist","USTN10900519","6MEc4axsWAJsOxu7ySKsHT"
"In The End","Black Veil Brides","Wretched And Divine: The Story Of The Wild Ones","Brani Preferiti Pubblici","Playlist","USUM71212602","2RxqHa7EgbKHEjYav48eXX"
"Whispers in My Head","Onlap","The Awakening","Brani Preferiti Pubblici","Playlist","FR6V81476491","6xKCZ6AwnzKJCndVtytUp1"
"A Little Faster","There For Tomorrow","A Little Faster","Brani Preferiti Pubblici","Playlist","USHR20953002","0YwqJeTUyviMJw70jRt9ET"
"Can You Feel My Heart","Bring Me The Horizon","Sempiternal (Expanded Edition)","Brani Preferiti Pubblici","Playlist","GBARL1202415","0WSa1sucoNRcEeULlZVQXj"
"Carnivore","STARSET","Transmissions (Deluxe Version)","Brani Preferiti Pubblici","Playlist","USRZR1460004","4j41Du0uMXJrfEY7Xe9CDO"
"Awake and Alive","Skillet","Awake","Brani Preferiti Pubblici","Playlist","USAT20902347","0nkzd3yNniB767zSDDdLZ3"
"Lets Get This Started Again","Live My Last","Convictions","Brani Preferiti Pubblici","Playlist","TCABK1299306","4ofZe3eFWlNKC0FYEFOSvG"
"Infamia","Chicoria","Infamia","Brani Preferiti Pubblici","Playlist","ITG412000098","2MemLj2k70J01Q0MrfqQMl"
"Leave It All Behind","Cult To Follow","Leave It All Behind - Single","Brani Preferiti Pubblici","Playlist","TCABC1194564","4I58RPHVzDldHfK3t5HiZA"
"We Live Forever","The Prodigy","No Tourists","Brani Preferiti Pubblici","Playlist","GB5KW1802032","0o3Ki1kUWyoF2XVtDBRNqk"
"Mello Theme - From ""Death Note""","Gabriele Motta","Mello Theme (From ""Death Note"")","Brani Preferiti Pubblici","Playlist","FR59R2136881","6JYzfBFMncYXXqKwbxsbq1"
"Madara","AMON","Madara","Brani Preferiti Pubblici","Playlist","QZNWW2036401","7zQpSzNgJRhq2BLqMd8QQ6"
"Sasuke","AMON","Sasuke","Brani Preferiti Pubblici","Playlist","QZFZ32124150","3FHRzHjPgxlB9TzSUnEc9D"
"Diamond is unbreakable - Main Theme","Yugo Kanno","JOJO'S BIZARRE ADVENTURE -Diamond is unbreakable O.S.T Vol.1 -Good Morning Morioh Cho- Music by Yugo Kanno","Brani Preferiti Pubblici","Playlist","JPQ461600319","6GqMQUzxuTG88y5WZ0HYLr"
"Killer","Yugo Kanno","JOJO'S BIZARRE ADVENTURE -Diamond is unbreakable O.S.T Vol.2 -Good Night Morioh Cho- Music by Yugo Kanno","Brani Preferiti Pubblici","Playlist","JPQ461600479","21YiaS85ngOoYT773cMFlW"
"In Piazza","Paky","In Piazza","Brani Preferiti Pubblici","Playlist","QM6P42005737","3N0cYpWubd9hAUApJDcLRw"
"Cocaina (feat. Sapobully)","Rame","Cocaina (feat. Sapobully)","Brani Preferiti Pubblici","Playlist","ITUM71901212","0BkYMH1KKmCYNyaXbdAApn"